shop_name,shop_type,girl_name,girl_url,age,report_url,evaluations,cityheaven_url
C'est裸美,ソープランド,柚,https://www.cityheaven.net/gifu/A2101/A210101/selavi/girlid-40362133/,22,https://m.fuzoku-tokai.com/2023/01/05/post-13552/,"{'顔: 80.0': '少し目付きが怖い印象でしたがしゃべると全然そんな感じしなかったです。', 'スタイル: 80': '細くて華奢でした。とてもエロいボディラインの持ち主です。', 'カップ: Ｂカップ': 'おっぱい星人は期待しちゃダメです。まあでもキレイな形なので私は好きです。', 'パネル差: 0': 'ほぼパネルと同じだと思います。パネルイメージで入ったら間違いないです。', 'プレイ: 90': 'アニコスでプレイしてましたので、アニメのキャラクターになりきってもらいました。結構頑張ってくれるので満足できるかと。', '総合: 85': '顔がかなり可愛いのと、声が可愛い。プレイも頑張ってくれるのでなかなかの逸材です。', 'リピート: 返す（リピートする）': 'もっかい卑猥な言葉を言わせたい！'}",https://www.cityheaven.net/gifu/A2101/A210101/selavi/girlid-40362133/
CANDY（キャンディ）,ソープランド,きょう,https://www.cityheaven.net/gifu/A2101/A210101/candy/girlid-42166606/?of=y,25,https://m.fuzoku-tokai.com/2023/01/07/post-13558/,"{'顔: 75.0': '顔は可愛い系で肌も色白で黒髪もきれいでした。完全なる清楚系です。', 'スタイル: 70': '写真と比べるとちょいぽっちゃりでしたがデブではないです。顔はかわいい系で肌もきれいでした。、', 'カップ: それ以上カップ': '胸はプロフィール通り巨乳でした。やわらかくて触り心地も良いです', 'パネル差: 70': 'パネルや写メ日記の顔と比べると若干落ちますが、普通に可愛い子でした。', 'プレイ: 50': '特筆したテクニックはなかったですが一通りのこては出来ました。一生懸命さは伝わってきたので良かったです。', '総合: 80': '顔は可愛い系でむっちり巨乳で個人的には満足できました。ですが人によってはぽっちゃり系と思うかもしれないので要注意です。', 'リピート: 返す（リピートする）': '自分は基本的に新規の子を選んでいますが、話も合ったのでまたリピートしてもいいと思いました。'}",https://www.cityheaven.net/gifu/A2101/A210101/candy/girlid-42166606/?of=y
GG,ソープランド,イト,https://www.cityheaven.net/gifu/A2101/A210101/gold_garden/girlid-56811637/,21,https://m.fuzoku-tokai.com/2025/10/07/post-15703/,"{'顔: 95.0': 'ふんわり癒し系の、とても笑顔が可愛らしい今ドキの女の子。。\n\n                        クリッとした目と笑った時のえくぼが印象的。\n\n                        そこはかとなくハーフかクォーター？的な雰囲気\n\n                        清楚で品のある顔立ち。。優しい性格が滲み出てる。。', 'スタイル: 95': 'モデル並みのスレンダー脚が長くてスレンダーながらもプリッとしたお尻が最高に眺めがいい。。', 'カップ: Ｃカップ': '手のひらに収まるちょうどいい大きさ。なかなかお目にかかれないレベルの整った綺麗なおっぱい。乳輪 乳首ピンク 見惚れる。。', 'パネル差: 5': 'ボカシが入れてあるぐらいでパネマジ等特に見られる傾向は無いかと思われる', 'プレイ: 95': 'フェラチオは天下一品、うまい。。グラインド騎乗位の腰使いには脱帽。。とても敏感らしくビクンビクン反応しながらもバスタオルで顔を隠して恥じらうところが素人感あって最高にキュンときた。。', '総合: 95': '非常に上品で物腰柔らかく、終始丁寧で安心感があり癒される。。見惚れるほどの抜群のスタイルとシルクのような色白美肌。とても敏感で、感度抜群！終始キュンキュンしっぱなしでした。恥じらいながらも一生懸命尽くしてくれますよ！とにかく可愛いが止まらなかっです。。', 'リピート: 返す（リピートする）': '可愛いし癒されるから。。また癒しが欲しくなったら行きたいから。。'}",https://www.cityheaven.net/gifu/A2101/A210101/gold_garden/girlid-56811637/
GG,ソープランド,ナギ,https://www.cityheaven.net/gifu/A2101/A210101/gold_garden/girlid-56755297/?lo=1,22,https://m.fuzoku-tokai.com/2025/05/15/post-15454/,"{'顔: 85.0': '実物は、まなかなに少し似ていますが、他に清純派のAV女優の雰囲気があり。撮影の仕方で、まなかなにそっくりになると思われる。この店で一番美人と某掲示板にありますが、全員は知らないのですが、一番では無いと思います。充分美人ですが。化粧が濃く下から見る顔は良く無い。\n\n                        イトの方が目が大きい分、顔はかわいいかな？', 'スタイル: 90': '抜群。好みとしては、もう少し小柄だと良いが、ぼてっとなりがちな日本人女性としては珍しく美しい。美少女フィギュアのような体形。肌質は、デリやメンエスに比べると、ソープ肌になりかけている感じ。体質かも知れないが。', 'カップ: Ｇカップ': '乳首がピンクとは言えませんが、生まれつき濃いめなのでしょう。形も良く崩れない。', 'パネル差: 10': '店のタブレットで顔は公開されています。可愛らしく撮影されて無いのでボーイさんの言うとおり実物の方が良い。', 'プレイ: 95': '声が可愛いのでもっと感じて声あげて欲しいところだが残念。意外と初心な雰囲気が良い。もう慣れてきているはずだが。自主的にタマなめしてくれたのはこの店で初、いや今まであったろうか？', '総合: 95': '『ソープの風俗嬢』では無く普通のお嬢さん的な感じで、とても良い。恥ずかしがるところが可愛くて癖になりそう。しかし最近知ったメンエスの子の肌が、いかにも若い女性の吸い付くようなもち肌だった為、それに比べるとかなり劣る。石鹸使い過ぎるからソープ嬢はどうしても肌に期待できない。', 'リピート: 返す（リピートする）': '可愛い声を請求したい。'}",https://www.cityheaven.net/gifu/A2101/A210101/gold_garden/girlid-56755297/?lo=1
GG,ソープランド,エレナ,https://www.cityheaven.net/gifu/A2101/A210101/gold_garden/girlid-53248326/,25,https://m.fuzoku-tokai.com/2025/05/05/post-15427/,"{'顔: 90.0': '目がパッチリで綺麗。\n\n                        整形はしていないと思う。ナチュラルでこの顔立ちは、かなり美人の域だと思う。\n\n                        身長の割に顔が小さい。\n\n                        美人7：可愛い3の割合。\n\n                        唇は、柔らかくプニプニ。', 'スタイル: 85': 'アスリート系（本人は、運動全くしてない）で筋肉質のナイスボディ。くびれもちゃんとあり、太ってはいない。お尻も、外人の様なプリプリのおけつ。', 'カップ: Ｆカップ': '天然の乳。お椀型で、モチモチ。乳首は、ピンクと茶色の中間、常に乳首は立っているが、大きくも小さくも無い普通の大きさで舐め甲斐あり。巨乳であるが乳輪は、大きくない。乳の大きさにすると小さい方。', 'パネル差: 85': 'ほぼ、パネルどおり。パッチリのお目々。', 'プレイ: 80': 'マットは、あまり得意でないとの本人談。体がむっちりしているので、抱き心地は、最高。（太っていない、細身だが筋肉質で、アスリート系）洗い場で洗体して、風呂に一緒に入って、ベッドでプレイの流れをいつもしている。', '総合: 90': '顔、体、性格は、どれをとっても及第点です。何故かあまり人気がなく、事前予約はあまり埋まっていないので、当日、予約で入れてしまう。積極的にイチャイチャ系のプレイをしない、嬢からの積極的なキスや密着がない点がリピ客を逃していると思う。おっとりとしてガツガツしていない性格、故にね。接客は丁寧だが、客に媚びないスタイルだが、入って後悔はない。', 'リピート: 返す（リピートする）': '性格、スタイル、顔、どれをとっても良いので、定期的に遭いに行っている。もう少し、イチャイチャ系のプレイが出来るとめちゃくちゃ人気嬢になると思う。'}",https://www.cityheaven.net/gifu/A2101/A210101/gold_garden/girlid-53248326/
GG,ソープランド,セイカ,https://www.cityheaven.net/gifu/A2101/A210101/gold_garden/girlid-57050617/?lo=1,21,https://m.fuzoku-tokai.com/2025/05/02/post-15425/,"{'顔: 95.0': '元気に溢れている子\n\n                        顔は一瞬だけ綾瀬はるかに見える角度があるが、特に芸能人の◯◯に似ているという印象はない\n\n                        若くて元気で嫌味のないキャバ嬢のような雰囲気', 'スタイル: 100': 'ストレート型のスタイルですモデル用に贅肉ないですが、ストレートタイプであるため、女性らしさの丸みはありません足はカモシカのように綺麗です', 'カップ: Ｆカップ': '素晴らしいの一言針があり、きれいな形、大きさです「巨乳」というより本当に理想的な「乳」といった感じです', 'パネル差: 0': 'HPに一時期顔を出していましたが実物のほうがきれいで可愛い今のぼかしの入った画像からイメージする顔（雰囲気）とは少し異なる', 'プレイ: 80': '100％受け身マット不可フェラ、騎乗意味特にうまくはない責好きの客でないと満足できない反応は良いので責めず気にはたまらない会話のときとのギャプが萌える', '総合: 90': '若い、スタイル抜群、清潔感あり（タバコは以前吸っていたような形跡あり）おしゃべりが好きなので、男性側がうまくリードしないと無駄な時間がすぎる受け身の客はやめた方が良いタメ口でサービス精神は少し低いがなぜかぎりぎり許せる範囲姫はゴムが切らなようで高級サービスを受けれるところが◎', 'リピート: 返す（リピートする）': '「正」のオーラがあり、風俗店に通うことへの後ろめたさを感じさせない姫である点'}",https://www.cityheaven.net/gifu/A2101/A210101/gold_garden/girlid-57050617/?lo=1
GG,ソープランド,HOTARU『ホタル』,https://www.cityheaven.net/gifu/A2101/A210101/gold_garden/girlid-11631416/,25,https://m.fuzoku-tokai.com/2024/08/23/post-15013/,"{'顔: 80.0': 'どちらかというと地味顔。\n\n                        よく見かけるいわゆる「どこにでもいそう」', 'スタイル: 90': '小柄だが脱がせてみるとボンキュンボンのナイスバディで驚いた。肩に10円玉サイズのいたずら書きあり。', 'カップ: Ｅカップ': 'やや巨乳で形のいい美乳。乳首が感じるようで優しく舌で転がすといい声で鳴く。', 'パネル差: 50': 'ほぼパネル通り。', 'プレイ: 95': '正直、初対面時は地味な子だなと少しがっかりした。しかし、いざプレイに突入すると印象が激変。これでもかの攻勢にグイグイ圧されて上へ下への貪り合戦。2回放出して疲れ果てたが気持ちのいい時間を過ごした。帰るころには可愛く見えてきて何となく愛おしくなった。', '総合: 90': '初対面のおとなしめな印象と濃厚プレイとのギャップに驚かされた。前述した「どこにでもいそう」な子との激しいエッチ。いわゆザ・ソープとは違う体験。', 'リピート: 返す（リピートする）': '返さない理由がない。'}",https://www.cityheaven.net/gifu/A2101/A210101/gold_garden/girlid-11631416/
GG,ソープランド,ヒナノ,https://www.cityheaven.net/gifu/A2101/A210101/gold_garden/girlid-39351432/,25,https://m.fuzoku-tokai.com/2023/02/22/post-13662/,"{'顔: 80.0': '全体的にぽっちゃり。風俗にあまりいなさそうな素朴な可愛い感じ。\n\n                        No.1なので相当可愛いと思ったがそれほどでもない。でも可愛い部類だと思う。', 'スタイル: 90': '人によっては太いと感じるかもですが、私としてはムチムチでエロい体に感じる。攻めたいと感じさせる体。', 'カップ: それ以上カップ': '綺麗で形もいい。パイズリの時、私の息子がすっぽり隠れた。舐めたい気持ちになる。', 'パネル差: 10': '顔出ししてないので、ごく稀に写メ日記で目出しあるが、それより少し劣るかな。', 'プレイ: 50': 'マットは全然ダメ。ただ滑っているだけ。ベットはイチャイチャでいい。キスいっぱいした。正常位しながら、いくまで無限DKしていたが、受け入れてくれ、それだけで充分だった。', '総合: 80': 'ベットプレイだけなら非常に良い時間を過ごせる。私には好みの顔、スタイルなので、イチャイチャプレイを堪能。マットはお薦めしない。', 'リピート: 返す（リピートする）': 'コスパ良し。平日10分プラスはお得。癒しが欲しくなったらいく。'}",https://www.cityheaven.net/gifu/A2101/A210101/gold_garden/girlid-39351432/
MGMコレクション,ソープランド,りりか,https://www.cityheaven.net/gifu/A2101/A210101/mgm_collection/girlid-57052197/?lo=1&of=y,30,https://m.fuzoku-tokai.com/2025/04/10/post-15400/,"{'顔: 50.0': '丸顔、ふっくらしてます\n\n                        私は可愛いと思って会いに行ってます\n\n                        誰にでもとは言えません', 'スタイル: 80': '外人みたいな超グラマラス小生あまり大きくないので上に乗られると覆い被さる感じ', 'カップ: それ以上カップ': '素晴らしい胸です正直窒息させられています天然ですごくいい胸です', 'パネル差: 50': '写メ日記の写真がいいと思います顔は前店から隠しているのでスタイルは明らかに巨大', 'プレイ: 90': 'サービスはかなりの高レベル濃厚で、男の潮吹きもやられてしまいますお願いすれば色々やってくれますサービス精神旺盛', '総合: 80': '外見は好みなので難しいですが、私は恵躰好きなので大丈夫スレンダー好きはやめましょうでもサービス精神は最高クラス', 'リピート: 返す（リピートする）': '身近では体験できない身体、サービス定期的にやりたくなります'}",https://www.cityheaven.net/gifu/A2101/A210101/mgm_collection/girlid-57052197/?lo=1&of=y
MGMコレクション,ソープランド,梨沙,https://www.cityheaven.net/gifu/A2101/A210101/mgm_collection/girlid-46530956/?lo=1&of=y,30,https://m.fuzoku-tokai.com/2025/04/09/post-15398/,"{'顔: 80.0': 'ホームページの写真通りです\n\n                        ショートヘアがよく似合ってます', 'スタイル: 90': '長身グラマラス肌も白くてきめ細かい湯船でずーっとバックハグしてました', 'カップ: Ｇカップ': '胸は大きくて非常に柔らかいですパイズリもしてくれます', 'パネル差: 10': 'ホームページの写真の通りです信用していいです', 'プレイ: 90': 'じゅんさんとの二輪車ですじゅんさんと濃厚キスしながら、梨沙さんにM字騎乗で責められ、最後は梨沙さんとキスしながらいきました。', '総合: 90': '顔やスタイルは人それぞれの好みですが、私は好きです仕事もできるし、何より安価二輪車ならこのお店がコスパ最高', 'リピート: 返す（リピートする）': 'もっと仲良くなりたいです改めてよかったので'}",https://www.cityheaven.net/gifu/A2101/A210101/mgm_collection/girlid-46530956/?lo=1&of=y
Premier,ソープランド,ゆる,https://www.cityheaven.net/gifu/A2101/A210101/premier/girlid-55408564/,24,https://m.fuzoku-tokai.com/2025/01/08/post-15277/,"{'顔: 75.0': '丸顔で童顔なので、可愛い感じロリが好きな人にはいいかもほっぺにあざあり', 'スタイル: 80': '少し小柄だが中肉中背でくびれもあり抱き心地は良かった。', 'カップ: Ｄカップ': 'HPでのサイズ寄りは小さく感じたが乳首はきれいで大きさも程よい感じだった。', 'パネル差: 50': 'HPの写真に近い感じHPではわからないがほっぺにあざのようなものがある', 'プレイ: 50': 'ベットで1回戦目、その後マットも楽しめて2回戦なかなか発射しない中、一生懸命対応して導いてくれました。', '総合: 80': '童顔で可愛い感じで、スタイルも痩せすぎず太りすぎずちょうどいい感じの肉付きで、はない方もも含め対応が申し分なくプレイも十分楽しめた。', 'リピート: 返す（リピートする）': '一生懸命な対応で、時間内で十分楽しめた。'}",https://www.cityheaven.net/gifu/A2101/A210101/premier/girlid-55408564/
ViVi,ソープランド,さや,https://www.o-ren-group.com/kanazuen/vivi/castid-5000637401/,28,https://m.fuzoku-tokai.com/2025/10/13/post-15713/,"{'顔: 85.0': 'よく笑う子で印象良し。性格はかわいいが、顔はきれいより。', 'スタイル: 90': '肌がすべすべしているので抱き心地がいい。痩せている。プレイ中は征服感があり興奮した。', 'カップ: Ａカップ': '胸は小さい。乳輪は小さいがプレイ中は乳首の主張が激しくなるので興奮する。', 'パネル差: 50': '写真で顔出ししていない。綺麗な子。', 'プレイ: 80': 'キスはしてくれるがディープキスはイマイチ。フェラ普通。テクは期待してたほどではなかった。健気が売りか。懸命に腰を振る姿が良く最初は腰を振らせていたが私も興奮してしまい押し倒して腰を振りまくった。', '総合: 80': '綺麗系だが性格はかわいい。痩せ型が好きならおすすめ。私は満足した。本当はキスが嫌なのかもしれない。私相手だけかもしれないが。ディープキスがうまければ文句なく100点だった。', 'リピート: 返す（リピートする）': '丁寧な接客。清潔感のある身体。薄い身体。性格込みでSっ気のある私の好みだったから。'}",https://www.cityheaven.net/gifu/A2101/A210101/vivi_g/girlid-25733003/
ViVi,ソープランド,カオル,https://www.o-ren-group.com/kanazuen/vivi/castid-5002989301/,28,https://m.fuzoku-tokai.com/2025/06/10/post-15489/,"{'顔: 90.0': '人により好みはあるにせよ可愛いと思います。顔はふっくらした印象ですが太っているわけではないです。目鼻立ちがはっきりしていて、目元はハーフっぽい印象も受ける。', 'スタイル: 90': 'とても背が高いです。とはいえ筋肉質とかではなくモチモチした感じ。太っているわけではない。痩せ型でもない。ちょうど良い抱き心地。', 'カップ: Ｆカップ': 'とにかく美乳です。柔らかさや形もよい。背が高いことがコンプレックスなのか、すこし猫背で肩を丸めるクセがありますが、背筋伸ばして胸を張ると相当美乳が映えると思う。ずっと触っていたい。', 'パネル差: 50': 'ネットでは写真掲載なし。お店のパネルは見たことないので顔のパネマジは判定不能。体型は写真通りです。', 'プレイ: 50': 'プレイの内容は普通ですが、大人しくておっとりした雰囲気でありながら、一生懸命してくれるので嬉しい。性格も優しくて、何でも言うことを聞いてくれそうな感じがします。無茶なお願いはしたことはないけど。ただ、情熱的に貪り合うようなプレイではなく、そのような雰囲気になりそうなところで妙にブレーキをかけられているような気がします。', '総合: 50': 'ずっと前にフリーで入って、おっとり癒し系の雰囲気と美巨乳に魅了されてしまいました。その後出勤が多くないこともあり、なかなか入らなかったのですが、わずかな空き枠を狙って入ることができました。美巨乳は健在。スタイルもビジュアルもすごく良い。…にもかかわらず、彼女とのプレイになるとこちらが何となく不発気味。プレイに不満はないし、一生懸命やってくれるし、抱き心地はいいし、最高のはずなのに、勃ちが悪い。これは完全に私自身の問題ですね。すごく良い子だし、スタイルなども高身長が苦手でさえなければ最高なので、ぜひ彼女の良さを多くの人に知ってほしい。', 'リピート: 返す（リピートする）': 'とにかく癒される。'}",https://www.cityheaven.net/gifu/A2101/A210101/vivi_g/girlid-32764202/
ViVi,ソープランド,みりあ,https://www.o-ren-group.com/kanazuen/vivi/castid-5006615401/,28,https://m.fuzoku-tokai.com/2025/05/10/post-15437/,"{'顔: 100.0': '記述の通り、筧美和子みたいな顔立ちで、ハーフっぽい美人なお姉さんという感じでした。', 'スタイル: 80': '太っているという先客の記述がありましたが、自分が入ったときはそんな容姿ではありませんでした。しかし、最近痩せたという話は聞きました。', 'カップ: Ｆカップ': 'かなり豊満な胸をしておられましたが、ハリはあんまりありませんでした。クーパー靭帯が切れているような、ちょっとシワがかった印象を受けました。', 'パネル差: 10': '髪色が違う程度。写真にはモザイクが掛かっているのでそもそも判別できないです。', 'プレイ: 90': 'ほとんど彼女主導で動いていただきました。かなり情熱的なプレイをされていた印象を受けました。3回とも密着して騎乗位の体勢で動いていただきましたが、背中の汗がすごかったです。', '総合: 90': '顔もきれいでプレイも積極的で、お世辞かどうかわかりませんが、自分のものとの相性が良いと褒めてくれたりしたので、かなり満足しました。お胸のほうがもう少し揉みごたえがあったら100点ですが、贅沢すぎますね。', 'リピート: 返す（リピートする）': '積極的なところが個人的に良かったため。'}",https://www.cityheaven.net/tokyo/A1305/A130505/maruno_uchi/girlid-61746053/
ViVi,ソープランド,るか,https://www.o-ren-group.com/kanazuen/vivi/castid-5001486101/,24,https://m.fuzoku-tokai.com/2024/09/07/post-15051/,"{'顔: 80.0': '結構AVに出ているのでいくつか見たのですがあまり可愛くないなと思っていたので入るのを後回しにしていたのですが、実際に会ってみるとなかなかの美人さんで良い意味で驚きでした。もっと早く入れば良かった。', 'スタイル: 100': 'まあとにかくスタイルは抜群ですね。油断してたら太るけど、ジムなどに行って体型を維持している、という感じで抱き心地最高です。肌も綺麗なのですが２か所ほどワンポイントのタトゥー有り。', 'カップ: Ｇカップ': '流石オッパイ部門でヘブンランキング1位を取ってるだけあってなかなか他では見られない美巨乳です。騎乗位の眺めは圧巻でした。', 'パネル差: 10': '写メ日記から受ける印象とは違って予想外に綺麗なお顔でした。逆パネマジですね、もったいないですね。', 'プレイ: 100': 'とてもエロくて常にイチャイチャモードでした。DKやハグを積極的にしてくれるし、足をこちらの膝の上に置いて密着してくるし、フェラ中もオッパイを触れる体勢でしてくれるし、バックから突いてるときも自分から身体を起こしてキスしてくるし、もう終始エロエロでした。あと、るかちゃんからほっぺをすりすりしたり、髪の毛を触らせたりしてくれたのもびっくりでしたね。首から上は触られるのを嫌がるものなんですけどね。結構高級店の人気嬢に入ってますが、ここまでエロくてサービスの良い子はなかなかいないですね。ホント幸せな2時間でした。', '総合: 100': '高級店との違いは速速ではないことと、G有りくらいでしょうか。ずっとNNのお店に行ってますが、さほど変わらない感じですね。しかもるかちゃんは口でGを着けてくれるのが良いですね。速速が無いのはやはり物足りないかなあ。', 'リピート: 返す（リピートする）': '中級店でこれだけレベルの高い娘がこれだけのサービスをしてくれたのは正直驚きでした。もう少し他店に気になる娘がいるので浮気をしますが、きっとるかちゃんに戻っくるでしょう。'}",https://www.cityheaven.net/gifu/A2101/A210101/vivi_g/girlid-28086198/
ViVi,ソープランド,らら,https://www.cityheaven.net/gifu/A2101/A210101/vivi_g/girlid-47749941/?lo=1,20,https://m.fuzoku-tokai.com/2023/12/07/post-14504/,"{'顔: 85.0': '可愛い寄りの美人さんだと思います。特に笑顔が可愛いです。', 'スタイル: 75': 'スタイルいいと思います。鍛えている感はありません。', 'カップ: Ｃカップ': 'やや小ぶりなCって感じ。色は薄くきれいなイメージです', 'パネル差: 10': 'ぼかしありますが、概ねイメージどおりです', 'プレイ: 85': 'テクニックはまだまだですが、あそこの締まりが良いです。全体的には受けなイメージ。騎乗位、正常位、バックで1回、正常位で2回目。お話が楽しく3回はやめておきました。', '総合: 85': '明るく、友達みたいに接してくれるところや、無邪気なところが良かったです。プレイも受けならそつなくこなしてくれますし、感度も良かったので、優しくせめてもらえる人なら満足できると思います。', 'リピート: 返す（リピートする）': 'とにかくはまりました。笑顔と性格の良さ、あそこの締まりはなかなか良いです。'}",https://www.cityheaven.net/gifu/A2101/A210101/vivi_g/girlid-47749941/?lo=1
ViVi,ソープランド,せいな,https://www.cityheaven.net/gifu/A2101/A210101/vivi_g/girlid-42902925/,29,https://m.fuzoku-tokai.com/2023/06/28/post-14085/,"{'顔: 90.0': 'とても美人でかわいい。芸能人で誰かに似ているのですが思い出せない。', 'スタイル: 80': 'ちょうど良いスタイル。ガリガリではなく太ってもいないのでスタイルはよかった。', 'カップ: Ｄカップ': '胸は美乳で、柔らかく触っていてとても心地よく反応がとてもよい。', 'パネル差: 20': 'パネル顔出しはしていないが期待通り当たり。', 'プレイ: 100': 'ベットもマットもテクニックもDＫも全て高級店レベル。', '総合: 95': '昨年夏頃に高級店から移籍して来てヘブンネットの予約チャレンジしていましたが予約する前から完売続きで実は存在していないのでは？と思うくらい今まで一度も空きを見た事なかったので今回ヘブンネットの予約出来て初めて入りましたがリピーターでずっと完売の理由が分かりました。', 'リピート: 返す（リピートする）': 'とても良嬢。ずっと完売続きのナンバー1嬢。外れなし。'}",https://www.cityheaven.net/gifu/A2101/A210101/vivi_g/girlid-42902925/
ViVi,ソープランド,SAYA（さや）,https://www.cityheaven.net/gifu/A2101/A210101/vivi_g/girlid-25733003/,24,https://m.fuzoku-tokai.com/2020/02/11/post-10763/,"{'顔: 80.0': '面長です。正直viviでトップクラスに可愛いとは思いません。ですが常にニコニコしていて愛嬌による補正がかかるため雰囲気が美人だと思います。', 'スタイル: 50': '細い。細すぎる。ほとんど骨。スレンダーな子が好きな方なら大丈夫でしょう。', 'カップ: Ｂカップ': '小さいです。ですが、貧乳好きな方なら大丈夫ですよ。', 'パネル差: 0': 'そもそも顔出ししていないため。', 'プレイ: 80': '特筆すべきテクはありませんが、とにかくイチャイチャに付き合ってくれます。viviで恋人系の接客を求めるなら彼女以外考えられません。', '総合: 90': '店舗やスタッフの対応、嬢の性格は問題なく100点なのですが、胸の小ささでマイナス10点で90点とさせていただきます。', 'リピート: 返す（リピートする）': '風俗では恋人系の接客を求めているので。'}",https://www.cityheaven.net/gifu/A2101/A210101/vivi_g/girlid-25733003/
aQua（アクア）,ソープランド,こと,https://www.k-aqua-jpn.com/girls_detail?id=59023491,24,https://m.fuzoku-tokai.com/2025/11/08/post-15767/,"{'顔: 70.0': '瞳が大きく、写メ日記の写真の雰囲気そのまま。\n\n                        表情は性格がおっとりしているので、愛嬌溢れる顔立ちの印象。', 'スタイル: 100': '色白美肌、天然の美しい爆乳、クビレが素晴らしいので、攻めもプレイの最中も絶景で大満足！', 'カップ: それ以上カップ': 'とにかく、とても大きな美しい天然爆乳です。柔らかさも満点でマシュマロです。たまりません！', 'パネル差: 60': 'パネル、写メ日記そのままではないですが、瞳が大きいところがとても印象的。仲良くなると表情豊かになり、気にならなくなる。', 'プレイ: 90': '久しぶりのエロすぎ嬢との対戦で大満足！マシュマロ爆乳だけにパイズリをお願いすれば良かった。とにかく、感度は感動ものでヤバすぎて、どのお客さんもビックリでしょう。', '総合: 90': 'とにかく、エロいカラダのみならず、エロすぎる感度に感動！何と言っても、その美しい天然爆乳、奇跡のクビレが素晴らしい！また、聞き上手で話題豊富で楽しい！', 'リピート: 返す（リピートする）': '星の数ほど遊んできましたが、とても良かったので、新たなオキニにします。'}",https://www.cityheaven.net/gifu/A2101/A210101/aqua/girlid-59023491/
aQua（アクア）,ソープランド,ひなた,https://www.k-aqua-jpn.com/girls_detail?id=61504415,23,https://m.fuzoku-tokai.com/2025/09/28/post-15684/,"{'顔: 70.0': '普通にかわいいです。見た目以上に雰囲気がかわいいって思えるくらい笑顔がいいです。', 'スタイル: 70': 'スレンダー寄りくらいの女性らしいやわらかボディで肌もスベスベなので、触り心地抱き心地最高です。', 'カップ: Ｇカップ': 'きれいな胸で、垂れることなく重力に逆らってツンと上を向いてます。', 'パネル差: 20': 'パネルや日記よりは少しふっくらしてる印象ですが、逆にそこがかわいいです。', 'プレイ: 80': 'メインは吉原と聞いて入りました。基礎スキルがしっかりとしていて、お客さまに喜んで貰おうという気持ちが感じるプレイでした。', '総合: 100': 'もちろんスキルもありますが、この嬢の良さは親しみやすさと愛嬌とホスピタリティだと思います。満足度は非常に高いです。', 'リピート: 返す（リピートする）': 'また、岐阜に来てくれることがあればぜひお願いしたいです。'}",https://www.cityheaven.net/oita/A4403/A440301/aqua/girlid-39654130/
aQua（アクア）,ソープランド,望叶（みかな）,https://www.k-aqua-jpn.com/girls_detail?id=51533030,24,https://m.fuzoku-tokai.com/2025/09/21/post-15668/,"{'顔: 80.0': '個人的にはタイプだったが、好みは分かれそう。少しキツめの印象。', 'スタイル: 90': '申し分ない。出るとこは出てて、引っ込むところは引っ込んでいる。体だけで興奮する。', 'カップ: Ｆカップ': '大きい。形もよい。体のくびれに対してのインパクトがすごい。', 'パネル差: 0': 'パネルや日記の写真からは顔がわからないので不明。', 'プレイ: 90': 'プレイは至って普通。ただ、あのスタイルの女の子を抱いてると思うだけで興奮する。', '総合: 80': '顔よし。スタイル抜群。プレイは普通（向こうのペース）。予約が困難な理由がよく分かった。', 'リピート: 返す（リピートする）': 'また予約が取れればリピートしたい。プレミアチケットみたいな感じ。'}",https://www.cityheaven.net/gifu/A2101/A210101/aqua/girlid-51533030/
aQua（アクア）,ソープランド,のの,https://www.k-aqua-jpn.com/girls_detail?id=55800634,22,https://m.fuzoku-tokai.com/2024/11/28/post-15206/,"{'顔: 75.0': 'やや幼い感じで可愛らしい、面長なのであまり小顔も見えないが、小顔の部類だと思う。', 'スタイル: 85': 'スレンダーだが、出るとこは出てくびれもあり、足は長くスタイルはいいと思う。', 'カップ: Ｄカップ': 'スレンダーな体に大きめの胸で、触り心地が良い。おっぱい好きはたまらないと思う。', 'パネル差: 25': '写真は綺麗系のお姉さんだが、実際は幼い感じで可愛らしい。', 'プレイ: 75': '性格的に積極的ではないが、こちらの要求にも答えてくれて、不満のない内容だった。フェラは個人的にはかなり気持ちよかよく堪能できた。', '総合: 80': 'お顔も可愛く、スレンダーなスタイルながら出るとこは出てくびれもあり申し分なかった。プレイについても気持ちのいいフェラも堪能でき、しっかり発射できた。乾燥肌なのか、肌が荒れていたが、そこまで気にならなかった。', 'リピート: 返す（リピートする）': 'スタイルも良く巨乳でマットもできるとのことなので、次はマットを楽しみたい。'}",https://www.cityheaven.net/gifu/A2101/A210101/aqua/girlid-55800634/
アラモード,ソープランド,りり,https://soapland-alamode.nagoya/cast/856152/,22,https://m.fuzoku-tokai.com/2022/05/01/post-12818/,"{'顔: 80.0': '個人的には美人だと思います。初対面で指名してよかったと思えました。実際お若いのですが、幼い感じでかわいいです。', 'スタイル: 80': 'はだはすべすべ、もちもちです。そんな色黒とは思いませんでした。', 'カップ: Ｄカップ': 'きれいな胸です。たれてることなく、乳首もきれいでした。', 'パネル差: 20': 'パネルよりも実際にはかわいい系です。日記も顔出し少ないですが目元なんかはそのままな感じ', 'プレイ: 80': 'かなりS気質が高い子です。積極的に攻めてきます。どれくらい溜めてきたの？とかかなりエロい質問をいろいろしてきます。プレイはお任せでお願いしたら、ベットだけでマットはなしになりました。あまり得意じゃないのかな。', '総合: 90': '常にイチャイチャでずっとキスしていた記憶しかない。おしゃべりの途中から、すぅっとエロモードに突入していき、恋人感覚満載でした。', 'リピート: 返す（リピートする）': '返さない理由が見つからない。'}",https://www.cityheaven.net/aichi/A2301/A230101/alamode/girlid-32022294/
イビサ＆パートナー,ソープランド,ゆき,https://www.cityheaven.net/gifu/A2101/A210101/n-partner/girlid-42649199/?lo=1&of=y,25,https://m.fuzoku-tokai.com/2025/08/17/post-15608/,"{'顔: 100.0': 'マジでパネル通りでめちゃくちゃ美人です。\n\n                        その辺に歩いている女子大生で、キャバクラとかに普通にいる感じです。なんでこんな美人さんがこんなに安い店にいて、しかもNN対応なのかが、不思議でなりません。', 'スタイル: 100': 'スタイルは抜群に良いです。モデルさんスタイルといっても言い過ぎとは思いません。足も長くて細いし肌も綺麗です。', 'カップ: Ｂカップ': '正直胸はBくらいで小さめですが、ただ美乳なので僕は結構好きな形です。', 'パネル差: 100': '本当にそのまんまの美人さんです。', 'プレイ: 100': '正直、身体中舐めてくれるし、舐められてる間美人すぎて早く入れたくなるくらいです。本当に美人さんなので、この価格でしかも100分申し訳ないくらいです。ぼくは姫には求められてないのですが、チップあげたくなるので、あげてしまうくらいです。', '総合: 100': '本当に神姫ですよ。他に入れる人が本当に羨ましいです。僕は時間とタイミングがなかなか、合わないので会い次第早急に入りたいと思うだけです。想像するだけでコーフンしてボッキしてしまいます。', 'リピート: 返す（リピートする）': '僕は好きな女の子なので時間とお金があればいつでも会いたいくらいです。辞められると本当に困るので在籍してるうちに何回も会いたいです。'}",https://www.cityheaven.net/gifu/A2101/A210101/n-partner/girlid-42649199/?lo=1&of=y
イビサ＆パートナー,ソープランド,えれな,https://www.cityheaven.net/gifu/A2101/A210101/n-partner/girlid-41805133/?of=y,25,https://m.fuzoku-tokai.com/2023/03/26/post-13760/,"{'顔: 70.0': '少しぽっちゃり気味。どこにでもいそうな感じだけど笑うと可愛く見える。一瞬だけ浅田真央さんに似てるな？もう一瞬MEGUMIさんに似てるな？と思ったけどまああくまでも個人の主観です。', 'スタイル: 50': 'ちょいポチャだと思いますが身長も大きく胸も大きいためそこまでは気にならなかった。', 'カップ: Ｆカップ': '胸は大きめで柔らかく乳首は大きめでした。久々のエロい胸に大興奮でした', 'パネル差: 40': 'パネルよりも太めであんなにも可愛くないな。でも愛嬌は満点だ。', 'プレイ: 80': 'フェラがめっちゃ気持ちよかったため２回戦とも瞬殺されました。ゆったりしてるので私は良かったけど時短って感じる人もいるかもしれない。', '総合: 90': '話も楽しく体の相性もとても良かったので大満足です。これなら裏を返してもいいんじゃないかと思う', 'リピート: 返す（リピートする）': '来月来るのが楽しみです'}",https://www.cityheaven.net/gifu/A2101/A210101/n-partner/girlid-41805133/?of=y
オレンジハウス,ソープランド,みずき,https://www.cityheaven.net/yamanashi/A1901/A190101/orangehouse/girlid-58232423/,21,https://m.fuzoku-tokai.com/2025/10/21/post-15729/,"{'顔: 87.0': '普通に可愛い系\n\n                        彼女だったら、嬉しい感じ\n\n                        目は大きいかな？て感じ', 'スタイル: 80': 'スタイルは、健康的なスレンダー本人は、ちょっと太ったて気にしている感じですが、健康的で、お尻の形が凄く綺麗でした', 'カップ: Ｃカップ': '若さもあり、形の綺麗な張りのある綺麗な胸でした。プロフィールはDだけど、Cかな？と思いました。', 'パネル差: 20': '写真はちょっと顎をシャープにした感じだけど、正直実際の顔のほうが可愛いと思います。', 'プレイ: 90': 'ごくごく一般的な感じのプレイでした。ただ、演技がなかったので、こちらもプレイに気持ちが入りました。', '総合: 80': '今回は90分で、時間的に2回戦できずでしたが、最近吉原の高級店で演技丸出しの姫が多かったので、姫の性格の良さや演技でない感じで、とても満足な時間を過ごせました。点数を若干抑えたのは、2回戦できなかったから', 'リピート: 返す（リピートする）': '今まで、山梨のデリヘルは外ればかりで、今回は初めての山梨のソープランド。ソープランドは毎回吉原の高級店までわざわざ言っていましたが、今回のみずき姫と出会い、この姫に会えるなら、わざわざ吉原まで行かなくても、山梨で充分と思いました。料金も、吉原の高級店よりもかなりお得だし。'}",https://www.cityheaven.net/yamanashi/A1901/A190101/orangehouse/girlid-58232423/
カナーズ,ソープランド,アイノ,https://www.cityheaven.net/gifu/A2101/A210101/yakata/girlid-47401818/?lo=1&of=y,23,https://m.fuzoku-tokai.com/2025/10/25/post-15732/,"{'顔: 50.0': '極めて普通ですが、十人並という感じでしょうか。しかし、別に不細工でもなく美人でもない。ごくごく普通という感じです', 'スタイル: 50': '極めて普通という感じです人によればややぽちゃかもしれません。ただしぽちゃではありません', 'カップ: Ｃカップ': '胸も取り立てて特筆すべき点はありません。ごくごく普通です。感度は良かったですね', 'パネル差: 50': 'まあ特に文句が出る程ではないものの、ややぽちゃという感じてしたスレンダーではありませんね', 'プレイ: 90': '即尺もしてくれましたし即プレイも可能です。プレイの流れの中でお掃除もしてくれます。何度でも求めてくれるので可愛いかったですね', '総合: 85': '癒される事は間違いありません。それでいて積極的にプレイをしてくれるので満足度は高いと思われます', 'リピート: 返す（リピートする）': '機会があれば返したいと思います'}",https://www.cityheaven.net/gifu/A2101/A210101/yakata/girlid-47401818/?lo=1&of=y
カナーズ,ソープランド,ノア,https://www.cityheaven.net/gifu/A2101/A210101/yakata/girlid-48942563/?lo=1&of=y,25,https://m.fuzoku-tokai.com/2024/12/31/post-15246/,"{'顔: 90.0': '顔はかわいいと美人のハーフといった感じ\n\n                        もう少し年齢を重ねると美人になると思います', 'スタイル: 80': 'スタイルはいいと感じましたお腹も筋肉質って感じです', 'カップ: Ｃカップ': '乳首の反応も良かった\u3000個人的には小さめが好きなので良い', 'パネル差: 0': 'パネマジ無しでした', 'プレイ: 50': '体位の中でバックが一番お互い良かったかもしれないと思う', '総合: 90': '体位とか色々要望をしてしまったが嫌な顔せずに色々と対応してもらった\u3000性格が良い', 'リピート: 返す（リピートする）': 'ネットの画像が際どいものが多いのでたまに見てニヤッとしているまたあの体を味わいたい'}",https://www.cityheaven.net/gifu/A2101/A210101/yakata/girlid-48942563/?lo=1&of=y
コスプレアカデミー,ソープランド,あき,https://www.cityheaven.net/gifu/A2101/A210101/cosplayacademy/girlid-51443569/?lo=1,21,https://m.fuzoku-tokai.com/2024/07/27/post-14968/,"{'顔: 100.0': '久しぶりにコスアカでリピートしたい姫です\n\n                        ほぼ森香澄', 'スタイル: 100': 'おしり好きのオシリストにはぴったりくびれもありますし、女子大生そのもの', 'カップ: Ｄカップ': 'b地区はきれいなピンクいろお肌が白くてスベスベでかなりエロくみえます', 'パネル差: 10': '若干エフェクトがあるので見づらいですがそのまんま', 'プレイ: 100': '責好きにはぴったりの高感度で好感度優しくせめると本気で感じてくれますローター好きみたい', '総合: 100': '森香澄そのままあのかわいい顔でしかも性格もよさそうまたきてほしいです', 'リピート: 返す（リピートする）': '絶対リピートしたい'}",https://www.cityheaven.net/gifu/A2101/A210101/cosplayacademy/girlid-51443569/?lo=1
コスプレアカデミー,ソープランド,もえ,https://www.cityheaven.net/gifu/A2101/A210101/cosplayacademy/girlid-50833887/,21,https://m.fuzoku-tokai.com/2024/01/01/post-14539/,"{'顔: 70.0': '第一印象は顔チッチャでも可愛いと思った。\n\n                        ちょっとロリ系のおとなしそう顔立ちだけど常にニコニコ明るい癒し系。\n\n                        コスをメイドにしたのもあってか喋り方や声も甘え口調でイチャイチャキャラなので余計に可愛いく見える\n\n                        ただ目の二重は分かりやすい整形', 'スタイル: 65': '顔の感じからスレンダーちっぱいかな？と思ったら大きめなエロ綺麗なオッパイに普通体型でちょっとプリ尻の結構色気のスタイルで顔とのギャップに興奮した背中とお尻にちょっとシミやできものがあったが気になるほどではない', 'カップ: Ｅカップ': '表記はDになっているがE位の張りのある形の良い胸で乳首は薄茶色だけど個人的には好きなタイプ乳首も気持ち大きめで反応も良い', 'パネル差: 60': '後から見返してみたら目だけが違う気がするからパネルとはちょっと違うかな？とは思ったけど期待していた雰囲気やイメージ通りで悪くはないと思った。', 'プレイ: 95': '50分コースでお喋り、脱衣、シャワーで洗体、歯磨きまではちょっとイチャイチャ風だけどキスはなし。でもベッドからは濃厚ベロチュウスタートで口唇厚めのぷよぷよで舌も厚みがあって大きめなので久しぶりの超気持ちいいベロチュウ、ずっとしてても全然嫌がらないのでいつもの3倍位した気がする。フェラも上手だし反応や声がエロ可愛いしサービスも良いので大満足でした。', '総合: 95': '素直に可愛いくて楽しい女の子と気持ちよく遊べてコスパも良いので文句はありません。後から冷静になって考えたら良い所ばかりの子なので他所でも人気嬢なんだろうなと思った。', 'リピート: 返す（リピートする）': 'とりあえずもう一回行きたい気分'}",https://www.cityheaven.net/gifu/A2101/A210101/cosplayacademy/girlid-50833887/
サバト,ソープランド,ゆら,https://www.cityheaven.net/gifu/A2101/A210101/sabbat/girlid-41709102/?lo=1,22,https://m.fuzoku-tokai.com/2024/11/14/post-15173/,"{'顔: 90.0': '妹系？という印象を受けます．かわいらしい顔立ちです．', 'スタイル: 90': 'ちょいぽちゃですが，巨乳です．何回かこのコで遊んだことがあるのですが，だんだんボリュームが大きくなっている印象は受けます．', 'カップ: Ｇカップ': 'とてもさわり心地の良い胸をしていらっしゃいます．ふわふわでした．', 'パネル差: 50': '少し太めですが，個人的には許容範囲です．', 'プレイ: 50': 'あそこを加えていたしてもらいましたが，かなり柔らかいストロークで，独特な印象を受けました．好意的な捉え方です．', '総合: 90': '顔は少し下膨れた印象は受けますが，健康的ですし，可愛らしい妹のような印象です．そして胸が豊かで柔らくふわふわでした．', 'リピート: 返す（リピートする）': 'あの胸の感触が忘れられません．'}",https://www.cityheaven.net/gifu/A2101/A210101/sabbat/girlid-41709102/?lo=1
サバト,ソープランド,あの,https://www.cityheaven.net/gifu/A2101/A210101/sabbat/girlid-45155192/?lo=1,25,https://m.fuzoku-tokai.com/2024/08/16/post-14991/,"{'顔: 80.0': '普通に綺麗。風俗嬢なら当たりの方。ただ幸が薄そうだな…というのが第一印象。', 'スタイル: 95': 'スレンダー好きには最高の細さ。肌も綺麗。背中にワンポイントのタトゥーがあるが気にならない。', 'カップ: Ｃカップ': 'ほどよい大きさで張りがあり、形も綺麗。乳首の色もピンクですごく綺麗！', 'パネル差: 80': '写真より幸が薄い印象。素朴な顔つき', 'プレイ: 80': '下半身のマッサージをしてくれる。キスがない。事務的。', '総合: 80': 'コスパと嬢のスタイルはGood。ただプレイはイマイチだが、値段的に許容範囲内。', 'リピート: 返す（リピートする）': 'コスパと嬢の外見から、ただ可愛い子とやりたい気分の時に行く。癒されたい時は違う子にする。'}",https://www.cityheaven.net/gifu/A2101/A210101/sabbat/girlid-45155192/?lo=1
サバト,ソープランド,あいり,https://www.cityheaven.net/gifu/A2101/A210101/sabbat/girlid-29123660/,25,https://m.fuzoku-tokai.com/2024/01/23/post-14598/,"{'顔: 75.0': '好みになりますが、自分のストライクゾーンに直球でかわいいと思いました', 'スタイル: 70': 'ポチャでありませんが、身長もあるのでしっかりとした体です。腕にかわいい小さいタトゥーあります。', 'カップ: Ｇカップ': '垂れてない美巨乳です。乳首もキレイで、お風呂でずっと揉ませてもらってました。', 'パネル差: 20': 'パネルのイメージではなく、日記の写真のイメージで行けば、ほぼイメージ通りだと思います', 'プレイ: 90': 'フェラがヤバいです。聞いたことないような音と舌使いで発射寸前でした。その後、騎乗位でＩＮしましたが、コレもヤバいです。', '総合: 50': '顔もストライク。胸は美巨乳。フェラ最高。騎乗位で2回イカされ、夢のような時間でした。', 'リピート: 返す（リピートする）': '今度は、マットで予約する予定です。'}",https://www.cityheaven.net/gifu/A2101/A210101/sabbat/girlid-29123660/
サバト,ソープランド,あゆみ,https://www.cityheaven.net/gifu/A2101/A210101/sabbat/girlid-40084635/?lo=1,20,https://m.fuzoku-tokai.com/2022/06/27/post-13032/,"{'顔: 90.0': 'かわいい系でロリ好きにはたまりません。口元のほくろがセクシー', 'スタイル: 50': '少しぽっちゃりだけど気にするほどではないです。おっぱいでかい', 'カップ: Ｄカップ': 'ちょうどよい大きさでも見やすかったです。乳首の形かすばらしい', 'パネル差: 30': 'パネルより可愛いです。', 'プレイ: 50': '69であなるをのぞきました。とてもいい匂いで興奮しました。', '総合: 90': '顔が可愛くてロリなんでとてもたいぷでしたのでまたきたいです', 'リピート: 返す（リピートする）': 'またあいたいです。'}",https://www.cityheaven.net/gifu/A2101/A210101/sabbat/girlid-40084635/?lo=1
サバト,ソープランド,CANDY（キャンディ）,https://www.cityheaven.net/gifu/A2101/A210101/candy/?of=y,22,https://m.fuzoku-tokai.com/2021/12/07/post-12321/,"{'顔: 90.0': '笑うと可愛いい、お化粧はバッチリ、もう少しナチュラルでもいいかなと思います。', 'スタイル: 80': 'スポーツ体形でがっしりしています。ある程度身長が高い人向きかな。', 'カップ: Ｂカップ': '大きくはないですが、感度が良いので気になりません。', 'パネル差: 50': '1枚めはそのままです。', 'プレイ: 90': 'もう少し痩せてくれたら絡み易いですが、文句は無いです。', '総合: 90': '趣味が合わなくても大丈夫、回を重ねれば彼女の人となりが分かります。', 'リピート: 返す（リピートする）': '事情があって、ご無沙汰になってますが年内に逢いたいです。'}",https://www.cityheaven.net/gifu/A2101/A210101/candy/?of=y
シャトールーブル,ソープランド,猫（まお）,https://www.cityheaven.net/gifu/A2101/A210101/rubul/girlid-59189602/?lo=1,22,https://m.fuzoku-tokai.com/2025/10/25/post-15737/,"{'顔: 60.0': '和風の顔でやや角ばった顔。すきっ歯。ごくごく普通です。良く完売になってるみたいで人気があるようだったのでなんで？と思いました。この店で過去６人入ったことありますが、個人的には一番かわいくない。', 'スタイル: 60': '若いです。背が小さいので難しいのですが、ちょいポチャと感じました。人により感想が別れるかと…', 'カップ: Ｄカップ': 'DとEの間くらいかな？お椀型、乳首ピンクで小さめ。乳輪は普通の大きさでキレイです。', 'パネル差: 50': 'なるほどと想像のつく範囲かと思いますが、パネルや日記より劣る。', 'プレイ: 85': 'かなり焦らしまくった挙げ句、いざ…となると乱れるは乱れるは！強烈なベロチューに｢もっと突いて！抜かないで！いく！いく！｣と激しいのなんの。雄叫びをあげながらヒクヒクなった上に、中から温かいものが…ハメ潮です。興奮して一回戦から飲み物だけもらい、お風呂なしで、ベロチューが始まり洗ってないあそこに指入れてクチョクチョ大洪水。そのまま２回戦へと本能の赴くままなだれ込む。ドエロ、超淫乱娘です！何度も求められてもう勘弁して！と思いました。過去一若いと思われる娘に完全にもて遊ばれました！', '総合: 75': 'ルックスやスタイルは大したことないし、会話は響かない不思議ちゃん。なんで人気？と思ったら、過去経験のないくらいのドスケベ姫でした。ただ、やはりまともな受答えがないのはけっこうなマイナスポイントです。', 'リピート: 返す（リピートする）': 'ルックスやトークなど全く好みではないが、メスをめちゃくちゃにしたいと思った時は返すかな？それほどプレイはスゴかった！'}",https://www.cityheaven.net/gifu/A2101/A210101/rubul/girlid-59189602/?lo=1
シャトールーブル,ソープランド,菫（すみれ）,https://www.cityheaven.net/gifu/A2101/A210101/rubul/girlid-39989987/,30,https://m.fuzoku-tokai.com/2025/09/11/post-15659/,"{'顔: 85.0': 'かわいいというよりは美人\n\n                        キリッとした美人。ウルトラマン系の顔？表現が良くないか…\n\n                        とにかく美人', 'スタイル: 90': 'ボン、キュッ、ボンの理想的な体型です。適度に肉付きがあり、とても女性的です。', 'カップ: Ｅカップ': '胸はボリュームもあり形もいい！ただ触り心地からして豊胸してるかな？？まあお客としては関係ないね！', 'パネル差: 10': 'パネルよりいい写メ日記の方がそのまま', 'プレイ: 85': '知的上品な美人お姉さんがキス、テコキ、全身リップ、フェラ、69、騎乗位、バック、正常位何でもしてくれますし、上手です！正常位で突いていると稀に鳴るチナラに興奮し、鏡に映る姿に興奮し、静かに喘ぐ顔と声がホントに感じてくれてるように見えて興奮します。演技っぽくないから。恋人キャストを演じてくれる女優ですね…', '総合: 90': 'この店で若手～ベテランまで５、６人入りましたが、オキニNo.1です。高級店4件通ってますが、他店含めてコロナ後２０名位入りましたが、現在自分ランキングトップ３に入ります！佇まいが写メ日記のまま。知的、上品、清楚ながら妖艶！もっと人気出ても良さそうなのに…。年齢かな？まあ若いだけの子が好きな客には向かないかな？大人の恋人って感じだから。人気出て予約取れにくくなっても困るし…', 'リピート: 返す（リピートする）': '他店のオキニ２人とのローテーションに苦慮してしまいます！甲乙つけがたい！\u3000プレイとトークの具合が他店オキニ２人の丁度中間、両方いいんです！二刀流といいますか…バランスが極上'}",https://www.cityheaven.net/gifu/A2101/A210101/rubul/girlid-39989987/
シャトールーブル,ソープランド,天（あまね）,https://www.cityheaven.net/gifu/A2101/A210101/rubul/,22,https://m.fuzoku-tokai.com/2025/01/11/post-15290/,"{'顔: 80.0': '年齢22歳で若く未経験で入った子です\n\n                        向上心があり、聞き上手な良い子でした\n\n                        姫からのコミュニケーションは乏しい感じなのでこちらからお話ししてあげると良いです\n\n                        若いので肌もピチピチで触り心地、抱き心地はかなりの高評価です\n\n                        悪い点はあまり無いですが未経験で入っていることでしょうか', 'スタイル: 90': '痩せすぎず、太りすぎて無い、くびれもあるちょうど良い感じです', 'カップ: Ｃカップ': '胸信者ではないので参考になりませんが感度は良くやや柔らかいおっきくもない感じです', 'パネル差: 100': '顔はモザイクなので判断ができません', 'プレイ: 80': '経験が浅いので向上心がある姫なので攻めることについてはこれから身についていく感じです基本のことはそつなくこなしてくれますので安心して遊べます', '総合: 78': '顔は普通で可愛い感じスタイルや抱き心地が良い感度は良く、僕の時は良くイッてくれるとにかく若い！これからの姫なので期待をしてまたリピートしたい姫ですちなみに普段の声が僕の好みではない', 'リピート: 返す（リピートする）': 'リピートします'}",https://www.cityheaven.net/gifu/A2101/A210101/rubul/
シャトールーブル,ソープランド,紅（もみじ）,https://www.cityheaven.net/gifu/A2101/A210101/rubul/girlid-41706468/?lo=1,25,https://m.fuzoku-tokai.com/2024/12/21/post-15225/,"{'顔: 85.0': 'とても美人というよりは整っていて、可愛らしく親近感湧く感じです', 'スタイル: 90': '脚が長くモデルみたいな雰囲気です身長もありますので、普通に歩いてると目立ちますかね', 'カップ: Ｄカップ': '胸は綺麗でしたそこまで大きくはないけどよっぽどのオッパイ星人でなければ満足されると思います', 'パネル差: 50': 'ネットではぼかしがある', 'プレイ: 90': '概ねソーププレイしてもらいましたがマットをしてみたかったかな時間的に厳しかったか', '総合: 80': 'とても良い嬢です雰囲気からプレイ、嬢のポテンシャルも問題ありません。', 'リピート: 返す（リピートする）': '入る子に迷えばまた入ろうかなくらいです'}",https://www.cityheaven.net/gifu/A2101/A210101/rubul/girlid-41706468/?lo=1
シルクハット,ソープランド,ももか,https://www.cityheaven.net/mie/A2402/A240201/silkhat/girlid-31121298/,28,https://m.fuzoku-tokai.com/2020/12/02/post-11405/,"{'顔: 70.0': '可もなく不可もなくといった感じ\n\n                        万人受けしそうな顔ではある\n\n                        ブサイクではないがあまりこれといった特徴がない', 'スタイル: 80': 'スタイルはいいと思いますくびれもあるしポッチャリとは程遠いといった感じです', 'カップ: Ｄカップ': '胸はきれいです乳首もピンクで大きさも揉み応えがあり丁度いいです', 'パネル差: 50': 'パネルはボカシが入ってるのでパナマジはない日記には少しでているがあまり変わりないと思う', 'プレイ: 70': '何事も積極的でこちらから要望すれば一生懸命やってくれますしかし高級店対応ではないので特筆してこれがすごいといったプレイはないです', '総合: 90': 'マットの講習に行くなど向上心もあり何事も積極的に取り組んでやってくれるので大変満足できます密着濃厚プレイが好きな方は入って損はしないと思います', 'リピート: 返す（リピートする）': '技術が会う度に向上しているのでしばらくは通うつもり'}",https://www.cityheaven.net/mie/A2402/A240201/silkhat/girlid-31121298/
シルクロード,ソープランド,みさき,https://www.cityheaven.net/gifu/A2101/A210101/silkroad/girlid-35780066/?lo=1,30,https://m.fuzoku-tokai.com/2023/11/23/post-14478/,"{'顔: 80.0': '目力強めで引き込まれるような魅力。かわいいより美人さんです。', 'スタイル: 80': '引き締まったスレンダー体型ですが、肌はスベスベで触り心地、抱き心地、とてもいいです。', 'カップ: Ｄカップ': 'プロフのFはないと思いました。スタイルがいいので、とてもバランスのいい美乳です。', 'パネル差: 20': 'ほぼパネル通りで、どっちかって言うとパネルよりも日記の方が近いと思います。', 'プレイ: 100': '気持ちいいくらいにエロエロです。ソファで１回戦、ピンクチェアで２回戦、マットで３回戦、４回戦の誘いはこちらがギブアップでした。', '総合: 90': '顔もスタイルもプレイも最高でした。賢者タイムも、ほぼずっと咥えてくれるので、大満足です。', 'リピート: 返す（リピートする）': '上記の通りです。あとは、自分には料金のハードルだけ。'}",https://www.cityheaven.net/gifu/A2101/A210101/silkroad/girlid-35780066/?lo=1
ジュリエット,ソープランド,桔梗,https://www.soap-juliet.com/top/girls/girldetail/?girl_id=58575520,28,https://m.fuzoku-tokai.com/2025/09/21/post-15670/,"{'顔: 90.0': 'かなり整っていて綺麗だと思う。ただ、痩せ過ぎていて少しエロさが足りない感じなので-10点。写メ日記からは可愛らしいお顔を想像していたが、実際は綺麗なお姉さんって感じ。', 'スタイル: 70': 'ガリガリとまではいかないが痩せ過ぎているのでもう少し太って欲しい。本人もそれは意識していて、週1回パーソナルジムに通って頑張って筋肉を付けようとしているようだ。', 'カップ: Ｆカップ': '乳首が少し上に付いていてオッパイの形は良いとは言えない。乳首の大きさがちょうど良くて舐めやすい。', 'パネル差: 50': 'お顔は公開していないので評価無し', 'プレイ: 100': '舌を絡めた濃厚なDKを積極的にしてくれた。舌の感触が滑らかで柔らかさもちょうど良く、キスが非常に気持ち良かった。正常位で抜き差ししながらのDKが余りに気持ち良くて最高であった。エッチに積極的で隠語を交えながらサワサワと優しく触ってくれてとても興奮した。', '総合: 90': '少し痩せ過ぎていてお尻のボリュームが無く、バックで突いてもあまり興奮出来なかったのがマイナス。しかし、それ以上に沢山キスをしてくれて、しかもそのキスが非常に気持ち良く、正常位でのキスがめちゃくちゃ良かった。明るくてニコニコしていて会話も楽しかった。', 'リピート: 返す（リピートする）': '昼職をしていて出勤が少なくかつ人気があるので最初は予約が取りにくいが、本指からは姫予約が出来るので予約が取りやすくなる。桔梗ちゃんは風俗はジュリエットが初めてで、また1年半なのでこれからもっと経験を積んでさらにサービスに磨きが掛かることを期待している。'}",https://www.cityheaven.net/gifu/A2101/A210101/juliet/girlid-58575520/
ジュリエット,ソープランド,姫香,https://www.soap-juliet.com/top/girls/girldetail/?girl_id=37754672,25,https://m.fuzoku-tokai.com/2025/08/13/post-15603/,"{'顔: 90.0': 'かなり可愛いらしいお顔。日本人とスペイン人のハーフだがそこまでハーフらしい感じはしない。ただエキゾチックな感じで非常に可愛い。', 'スタイル: 70': 'スタイルはそこまで良いということはなく、ちょいポチャ一歩手前な感じ。肌は白くてスベスベでとても綺麗。パーソナルジムに通っているようで成果が出ているようなので今後に期待。', 'カップ: Ｆカップ': '非常に形の良いお椀型で柔らかくて気持ちの良いオッパイ。加えて乳首がとても綺麗なピンク色で揉んで良し舐めて良し。', 'パネル差: 20': 'ほぼ写メ日記のままをイメージして良い。', 'プレイ: 100': 'サービスも文句無し。密着しながら良く触ってくれるし、キスも濃厚で積極的。よくイチャイチャしてくれる。アナルを丁寧に舐めてくれてめちゃくちゃ気持ち良かった。そして何より姫香ちゃんのフェザータッチが最高に気持ち良い。', '総合: 100': '可愛くて素晴らしいオッパイの持ち主でキスも積極的でイチャイチャしてくれて、優しくて気遣いも出来る素晴らしい姫。多くの方が楽しい時間を過ごせると思う。', 'リピート: 返す（リピートする）': '姫予約をしておらず電話での予約のみでしかもすぐ満枠になってしまうので予約が大変だが、それを乗り越えてでも入る価値のある姫。'}",https://www.cityheaven.net/gifu/A2101/A210101/juliet/girlid-37754672/
ジュリエット,ソープランド,日向,https://www.soap-juliet.com/top/girls/girldetail/?girl_id=44140541,26,https://m.fuzoku-tokai.com/2025/07/27/post-15565/,"{'顔: 70.0': 'ポッチャリした丸顔でまあまあ可愛いらしいと思う。ニコニコしていて愛嬌がある。', 'スタイル: 60': 'スタイルは良いとは言えず、少しポッチャリしている。1ヶ月ほど休暇を取っていた間に太ったらしくダイエットしているとのこと。もう少し痩せて欲しいところ。', 'カップ: Ｇカップ': '形の良いお椀型で乳首が綺麗なピンク色だった。ただ柔らかくはない。。。', 'パネル差: 0': 'パネルや写メ日記通りをイメージして良いと思う。', 'プレイ: 100': '積極的にDKをしてくれるし、フェラもマットも上手だし、密着してくれるしで全体的に文句の付けようがない。とても気持ち良くて癒やされた。とにかく良くキスをしてくれた。', '総合: 70': '接客は申し分無し、スタイルとオッパイは残念という感じ。日向ちゃんの最大の特長は癒やしだと思う。客のことを大切にしているのが良く分かるし、こちらの希望をちゃんとやってくれて、日向ちゃんからも接客的に密着してくれるのは非常に好感が持てた。', 'リピート: 返す（リピートする）': 'スタイルは残念だったが、それ以上の接客だった。'}",https://www.cityheaven.net/gifu/A2101/A210101/juliet/girlid-44140541/
ジュリエット,ソープランド,蛍,https://www.soap-juliet.com/top/girls/girldetail/?girl_id=57031614,25,https://m.fuzoku-tokai.com/2025/04/17/post-15406/,"{'顔: 90.0': '丸顔ですが太っているわけではなく、可愛らしい印象です。鼻筋も通ってて整った顔立ちです。', 'スタイル: 80': 'ちょいポチャ気味ですが太ってはいないです。ちょうど抱き心地が良いぐらいでGOODです。', 'カップ: Ｇカップ': 'プロフの通り巨乳でした。文句なしです。おっぱい大好きなひとには絶対おすすめです。', 'パネル差: 80': 'HPの写真や日記の写真とは少しイメージが違いましたが、パナマジというほどではないです。', 'プレイ: 80': 'おっぱいが美しすぎたのでずっと触ってました。それだけで満足でした。', '総合: 90': '顔と胸は文句なしです。プレイに積極性が少しなかったかなと思ったので、10点減点しました。', 'リピート: 返す（リピートする）': '数ヶ月たってまた入りたいと思いました。あのおっぱいをもう一度堪能したいです。'}",https://www.cityheaven.net/gifu/A2101/A210101/juliet/girlid-57031614/
ジュリエット,ソープランド,莉久,https://www.soap-juliet.com/top/girls/girldetail/?girl_id=51097662,28,https://m.fuzoku-tokai.com/2024/06/19/post-14902/,"{'顔: 40.0': 'キレ可愛いお姉さんで色気もあります。\n\n                        鼻も高くて整った顔立ちでどこかのアナウンサー\n\n                        顔にも思えました。', 'スタイル: 50': 'おっぱいはCかDくらい。ぽっこりのお腹、少し垂れたお尻が気になりました。私の好みではなかったですがセクシーさがあって抱き心地のよいカラダと感じました。デブではなかったです。', 'カップ: Ｄカップ': '胸はプロフィールより小さい少しタレ気味ですが、揉み心地は良いおっぱいです。乳首は少し黒かったです。', 'パネル差: 50': 'パネルは清純そうなイメージでしたが、実際は色気のあるお姉さんでした。目もパネルはくりっとしていましたが違っていました。お尻もパネルは小さく引き締まっていましたが実際は大きく少し垂れていました。', 'プレイ: 50': '序盤からDKの嵐で大興奮でした。経験も豊かでエロエロで濃厚なフェ○でイキそうになりました。騎乗位も気持ちよく果ててしまいました。休憩中もイチャイチャからすぐに回復して2回戦。', '総合: 50': 'パネルと実物の違いは少しありましたが濃厚なDKや濃厚フェ○などエロエロなサービスで大満足です。', 'リピート: 返す（リピートする）': '淫乱な女の子なのでもっとエロいプレイがしたいからです。'}",https://www.cityheaven.net/gifu/A2101/A210101/juliet/girlid-51097662/?lo=1
ジュリエット,ソープランド,純花,https://www.soap-juliet.com/top/girls/girldetail/?girl_id=51980333,25,https://m.fuzoku-tokai.com/2024/04/28/post-14801/,"{'顔: 90.0': '顔は整っておりアナウンサー系、艶もあり若々しい、小顔であるが華が有り美人', 'スタイル: 90': '中肉中背で身長は低いもののバランスが取れている足も太からず細からずでちょうど良い', 'カップ: Ｂカップ': '胸は小さいものの乳首が出ており舐めやすく感度も良い', 'パネル差: 10': '写真より実物の方が可愛い', 'プレイ: 100': '全身が性感帯と言えるほどで舐めても触っても感度が素晴らしくとてもエロい、クリ、中とも触ると逝きやすくフェラも上手でテクニックも有り素晴らしい', '総合: 100': 'ルックス、スタイル、サービスともこの業界では高水準、攻め、受け両方出来ケチが付けれないほどの良嬢でした', 'リピート: 返す（リピートする）': '相性も良くお互いに気持ち良くなれたので直ぐまたリピートしたくなる嬢総合点は相当高いです'}",https://www.cityheaven.net/gifu/A2101/A210101/juliet/girlid-51980333/
ジュリエット,ソープランド,茉白,https://www.soap-juliet.com/top/girls/girldetail/?girl_id=49169298,25,https://m.fuzoku-tokai.com/2024/01/07/post-14555/,"{'顔: 90.0': 'お人形の様な顔で和風美人、顎に黒子がありそれがエロさを醸し出している', 'スタイル: 80': '背が高く足が長いのでスタイルは良い肌も綺麗で艶が有る', 'カップ: Ｅカップ': '身体相応の張りの有る胸、触り心地も良く乳首もピンクで若々しい', 'パネル差: 30': '顔出しして居ない為比較が出来ない', 'プレイ: 50': '乳首舐めてクリ及び中を指入れすると感度良く逝ってしまう、ローター、バイブを使うと絶頂感が大きくなり素晴らしい反応、また男性の性器が特に好きで何回も求めて来る', '総合: 100': 'ルックス、スタイル、性格、接客態度は申し分ない、とにかくエロくてプレイ内容もビジュアルとは裏腹でド淫乱と思わせるほど感度が素晴らしい、見た目は清楚感と知性に溢れていて男性を虜にするタイプ', 'リピート: 返す（リピートする）': 'プレイ内容が過去の嬢の中でも1番と言えるほど素晴らしい、おっとりした仕草が心地良く本当の恋人同士かと思えるほどの相性の良さ時間が合えば直ぐまた会いたいと思わせる嬢'}",https://www.cityheaven.net/gifu/A2101/A210101/juliet/girlid-49169298/
ジュリエット,ソープランド,優希,https://www.soap-juliet.com/top/girls/girldetail/?girl_id=21031329,27,https://m.fuzoku-tokai.com/2023/07/23/post-14145/,"{'顔: 85.0': '好みは、分かれそうですが一般的に見て可愛いと思います。', 'スタイル: 80': '肉感がありくびれもありとても健康的なスタイルでした。好きな人は、たまらないと思います。', 'カップ: Ｇカップ': 'めちゃくちゃキレイで大きかったです！乳首もキレイで理想のおっぱいでした！', 'パネル差: 10': 'スタイルも顔も写真のままです。雰囲気が少し違うかなと感じました。', 'プレイ: 85': 'テクニックは、あまりわからなかったのですがとても気を遣ってくれます。', '総合: 90': '顔も可愛く性格も良くてスタイルも良かったので満足度が高いです！おっぱい好きな人は、かなりおすすめです！', 'リピート: 返す（リピートする）': 'とにかくスタイルが理想的で接客内容もとても良く感じたのでまた行きたいなと思います！'}",https://www.cityheaven.net/gifu/A2101/A210101/juliet/girlid-21031329/
スタイリッシュバッハ,ソープランド,Berry/ベリー,https://www.stylish-bach.com/top/girls/girldetail/?girl_id=37401180,26,https://m.fuzoku-tokai.com/2025/10/09/post-15711/,"{'顔: 90.0': '美人系、可愛いです。ちょっと人形のように可愛い、美しい顔立ち。', 'スタイル: 90': '小柄でスタイル良し、可愛い嬢である。ナイスボディ、色白、肌スベスベ。', 'カップ: Ｄカップ': 'バストは普通より少し大きくてＣかＤカップくらい、程よいサイズ感。', 'パネル差: 10': '実物の方が可愛いです。写メ日記の投稿の方が実物には近いです。', 'プレイ: 95': '椅子に座り挨拶を受け、ＤＫで抱き締める。小柄で華奢だが、かわエロ全開。こちらの服を脱がして貰い、ＤＫからスタート。徐々に下にいきFへ。玉から竿まで満遍なくガッツリしてくれ、最高である。サービス精神が非常に旺盛で、ベッドでもエアマットでもそのプロ意識と献身が感じられ、技術も優れていて、濃厚なサービスです。私としては欠点はほとんどないと思います。', '総合: 100': 'プレイはまるで彼女と一緒にいるような雰囲気でありながら、技術も卓越していてしっかりと仕事をこなしてくれる感じで、個人的にはとても満足でした。', 'リピート: 返す（リピートする）': '可愛くてサービスも良く、金津園の名物もできるそいで、また体験しに戻りたいと思いました。'}",https://www.cityheaven.net/gifu/A2101/A210101/stylish_bach/girlid-37401180/
スタイリッシュバッハ,ソープランド,エレナ,https://www.stylish-bach.com/top/girls/girldetail/?girl_id=56944635,22,https://m.fuzoku-tokai.com/2025/08/13/post-15599/,"{'顔: 85.0': '目がぱっちりしていて鼻筋もくっきりしています。\n\n                        整形顔ではありませんが、日本人離れした顔立ちです。', 'スタイル: 95': 'プロフィールにあるとおりGカップは圧巻です。年齢も若いため、肌ももちもちで密着すると気持ちいです。また、出ているところは出ているのに引き締まっているスタイルでした。', 'カップ: Ｇカップ': 'プロフィールにあるとおりのGカップは圧巻でした。グラビア顔負けのスタイルです。また、乳首は綺麗なピンクで没落していませんでした。', 'パネル差: 90': 'ホームページに顔写真がないため期待が高まっていましたが、期待以上でした。ルックスとスタイルは流石高級店です。普段は手が届かない港区系の美女の印象を受けました。', 'プレイ: 90': '部屋に入った瞬間、濃厚DKの連続で興奮しました。プレイ中は絶え間なくDKを求めてくれます。また、NN店だと分かっていても、奥に欲しい等、リップサービスにより興奮を高めてくれます。特に印象的だったプレイは、密着騎乗位です。Gカップを押し付けながら唾液が絡むレベルの濃厚DKをされ、抱きつかれたら3分も持たなかったです。', '総合: 90': 'ホームページに顔写真を載せていないのが勿体無いと感じました。スタイルもプレイ内容も当店ではトップクラスに感じたのでぜひまた指名したいです。', 'リピート: 返す（リピートする）': '裏を返します。'}",https://www.cityheaven.net/gifu/A2101/A210101/stylish_bach/girlid-56944635/
スタイリッシュバッハ,ソープランド,葵（あおい）,https://www.stylish-bach.com/top/girls/girldetail/?girl_id=56201878,25,https://m.fuzoku-tokai.com/2025/01/02/post-15248/,"{'顔: 50.0': '美人な顔立ちで、カラコンを入れて目を大きくしています。今時珍しい黒髪ロングで、それもよかったと思います。', 'スタイル: 100': 'なかなか見られないスレンダーボディで、スタイルにこだわる人にはぜひ見てもらいたいです。', 'カップ: Ｆカップ': '上記に書いた通りのスレンダーかつ巨乳というまさしく理想のスタイルでした。強いて挙げるのであれば、少し黒いのが気になるぐらいです。', 'パネル差: 3': 'わずかに違う印象を受けましたが、基本的には日記等のイメージでいいと思います。', 'プレイ: 90': 'NGではないですが、乳首が少し苦手・マナー面で、姫予約が忙しいのか、携帯でそれを確認するために30秒ほど待たされたこと、以上の２点が気になったので－10点です。しかし、それらを加味しても満足するサービスだったと思います。特に、時間ギリギリまでの対応や自分の汗が落ちても気にしない様子がよかったです。', '総合: 90': '入店してからそこまで経っていないですが、満足できました。スレンダー巨乳というある意味男の夢を叶えてもらいました。このお店は何度か利用していますが、一二を争うレベルでした。', 'リピート: 返す（リピートする）': 'ご本人もまだまだ頑張っていきたいという思いがあるようです。今後の成長を楽しみにしつつ、少し時間が経ったらまた行きたいと思います。'}",https://www.cityheaven.net/gifu/A2101/A210101/stylish_bach/girlid-56201878/
スタイリッシュバッハ,ソープランド,葵,https://www.stylish-bach.com/top/girls/girldetail/?girl_id=56201878,23,https://m.fuzoku-tokai.com/2024/11/24/post-15193/,"{'顔: 90.0': 'とても若々しく、愛嬌があって可愛らしいです。誰が見ても可愛いという程ではないですが、十分なレベルです。ずっと見ていられます。', 'スタイル: 100': '過去一のスタイルです。同じお店の楓ちゃんも相当スタイルが良いですが、それ以上です。Fカップもあるのにあそこまでクビレがあるのは驚きです。前にジムに凝ってたようですが、そもそもあまりお腹周りは太りにくい体質みたいです。', 'カップ: Ｆカップ': 'めちゃくちゃ形の良いおっぱいです。しかもあれだけクビレがあるスレンダーボディにも関わらず、天然のFカップで柔らかいです。乳首はそこまで綺麗とは言えないかもしれませんが許容範囲内です。', 'パネル差: 10': 'お顔を出している写メ日記があります。そのままを想像して良いと思います。', 'プレイ: 100': 'イチャイチャ感満載です。DKがかなり多く、しかも舌の絡め方も凄かったです。フェラやリップサービスも積極的で、舌の使い方が上手でめちゃくちゃ気持ち良かったです。このお店に来る前の経歴も聞きましたが、流石だと思いました。', '総合: 100': '顔、スタイル、サービス全て大満足です。凄い娘が入ってきました。多くの方に体験して欲しいです。', 'リピート: 返す（リピートする）': '姫予約の特典で色々コスプレを考えているようで、あのスタイルの良さでブレザーやバニーなんか着てくれたら最高ですね。何回も入りたいので無理せず長く続けてほしいものです。'}",https://www.cityheaven.net/gifu/A2101/A210101/stylish_bach/girlid-56201878/
スタイリッシュバッハ,ソープランド,真鈴/まりん,https://www.stylish-bach.com/top/girls/girldetail/?girl_id=42778451,25,https://m.fuzoku-tokai.com/2024/05/12/post-14838/,"{'顔: 85.0': 'ギャル系、美人系、可愛いです。片方に八重歯があり。', 'スタイル: 80': '体型は細目、ナイスボディ、色白、足が長い、肌スベスベ', 'カップ: Ｄカップ': 'バストは普通より少し大きくてＣかＤカップくらい。乳輪大きい', 'パネル差: 20': 'プロフィール写真より明らかに実物の方が可愛いです。写メ日記の投稿の方が実物には近いです。写メは眼だけ少し優しい印象に修整しています。', 'プレイ: 90': '脱毛処理がされていません。少し剛毛でかなりエロイ、ややグロイ。舐めながら自分で服を脱ぎ６９の体勢に移りました。指入れ、着衣プレイもＯＫで興奮はＭＡＸに。濡れ具合もよく十分に６９をした後で正KK位でのＩＮをしました。', '総合: 85': 'プレイはDK以外は恋人とイチャイチャと言うより、女友達やセフレとやっている感じで、個人的にはめちゃくちゃ好みな感じでした。', 'リピート: 返す（リピートする）': '女友達やセフレとやっている感じで、恋人とイチャイチャ、私としては楽しかったです'}",https://www.cityheaven.net/gifu/A2101/A210101/stylish_bach/girlid-42778451/
スタイリッシュバッハ,ソープランド,千晃,https://www.stylish-bach.com/top/girls/girldetail/?girl_id=38220954,24,https://m.fuzoku-tokai.com/2024/02/26/post-14692/,"{'顔: 100.0': '北川景子を少し可愛めにした感じで綺麗であり可愛い嬢でした。ものすごく色白なので儚い感じもあるのでアイドルっぽい感じもある。', 'スタイル: 100': '普通体型のスレンダーな嬢です。スレンダーにしてはおっぱいの形がいいので巨乳専な自分でも興奮してしまうスタイルでした。足も長くてすべすべなので眼福スタイルですね！', 'カップ: Ｃカップ': '胸の形が綺麗でおっぱいと乳輪のバランスが最高でした。巨乳じゃないと乳首が綺麗ですね。ピンクなのであんまり触ってはいけないのかなと謙遜してしまいました。', 'パネル差: 0': '顔出ししている嬢なので本人の写メ日記をみれば顔がわかります。写メ日記通りなので会った時にがっかりとかはないと思います。', 'プレイ: 100': 'ベロチューが激しくて腰振りしてる時も求めてきたのですごく興奮して嬉しかったです。某サイトでは塩対応と書かれていますがたぶん不潔、ルールを守らない方に対してだけだと思います。マットも長い足を使ってしてくれる技の数々に度肝を抜かれました。あとはなんといってもお顔が国宝級にいいのでアイドルとやってる気分になりますね。', '総合: 100': 'ずっと入ろうか悩んでた嬢の1人なのですがもっと早く入ればよかったです。清楚系のソープ嬢は珍しいのにこのお店は粒揃いなので他の子も気になりますがしばらくは千晃ちゃん一筋になりそうです。エレベーターであった心奪われてしまいました。お道具はすこし弱いみたいなので皆様も優しめにしてあげてくださいね。', 'リピート: 返す（リピートする）': '仲良くなりたい。'}",https://www.cityheaven.net/gifu/A2101/A210101/stylish_bach/girlid-38220954/
スタイリッシュバッハ,ソープランド,華恋（かれん）,https://www.cityheaven.net/gifu/A2101/A210101/stylish_bach/girlid-41197601/,28,https://m.fuzoku-tokai.com/2023/05/30/post-13987/,"{'顔: 100.0': 'すごく美人で小顔だった。笑顔が可愛く好印象だった。', 'スタイル: 90': '一般的な日本人体型だった。スタイルが特別良いわけではないが、美人だったので問題なし。', 'カップ: Ｅカップ': '胸は大きく張りがありました。カタチも良く、揉み応えのある胸。', 'パネル差: 10': 'ホームページの写真と変わらない。', 'プレイ: 90': 'フェラが気持ち良かった。お掃除も頼まなくても自分からやってくれた。', '総合: 90': '顔は美人で明るい方だった。キスを沢山した。プレイも積極的だった。', 'リピート: 返す（リピートする）': '全てにおいて満足だったのでリピートしたい。'}",https://www.cityheaven.net/gifu/A2101/A210101/stylish_bach/girlid-41197601/
スタイリッシュバッハ,ソープランド,真鈴,https://www.stylish-bach.com/top/girls/girldetail/?girl_id=42778451,22,https://m.fuzoku-tokai.com/2023/01/05/post-13549/,"{'顔: 100.0': '元ヤンっぽい感じはありますが、そのままタレントとしても、通用するヴィジュアル\n\n                        スタイルも完璧です', 'スタイル: 100': 'とても女性らしいスタイルで非の打ち所無し、背も高すぎず低すぎず理想的なスタイルです', 'カップ: Ｃカップ': '理想的な膨らみとハリです。とても反応も良く、乳首はたぶんクリの次に敏感な性感帯、やさしく舌でしてあげて下さい', 'パネル差: 100': 'パネルより良い', 'プレイ: 80': 'マットはどちらかというと、苦手というよりは、寒がりなのでやりたがりません、、ベッドのプレイはフェラも抜群で、騎乗位での動かし方も抜群ですぐに果てます', '総合: 90': '顔スタイルで全て完璧で、魔性の女的な魅力満載ですので、リピート間違いなし', 'リピート: 返す（リピートする）': '自分の理想的なスタイル、顔の好みもど真ん中です。今までお会いした中でもナンバーワンです。'}",https://www.cityheaven.net/gifu/A2101/A210101/stylish_bach/girlid-41197601/
スタイリッシュバッハ,ソープランド,真鈴（まりん）,https://www.stylish-bach.com/top/girls/girldetail/?girl_id=42778451,24,https://m.fuzoku-tokai.com/2022/12/19/post-13525/,"{'顔: 90.0': '一言で美人。過去１で良かった！感情の起伏が少ないが、笑うと可愛い。', 'スタイル: 90': 'スラッとしているが、胸や尻は大きくて、くびれにそそられた。', 'カップ: Ｅカップ': '乳輪がデカくて好みではなかった。大きさはよかった。しゃぶりつきたくなる。', 'パネル差: 0': 'そのまま。', 'プレイ: 70': 'マットは上手ではないがお湯ローションフェラは初で木持が良かった。フェラが上手。元デリヘルと話していたが、納得ができる。ソープでもったないが、次は口内発射をしたい。', '総合: 70': '入店して3ヶ月と話していた。まだまだ成長すると思われる。期待値を込めてこの点だと思う。', 'リピート: 返す（リピートする）': '成長を待ってから、裏を返したい。'}",https://www.cityheaven.net/gifu/A2101/A210101/stylish_bach/girlid-42778451/
スタイリッシュバッハ,ソープランド,ベリー,https://www.stylish-bach.com/top/girls/girldetail/?girl_id=37401180,27,https://m.fuzoku-tokai.com/2022/06/13/post-12958/,"{'顔: 85.0': '思ったよりもエラが張っていたがかわいい系。写真よりも大人っぽい印象。', 'スタイル: 65': '痩せすぎています。もう少し肉があってもいいかな。身長は大きく見えました。', 'カップ: Ｂカップ': '実際には小さめ。美乳。乳首はコリコリでしゃぶり付きました（笑）', 'パネル差: 80': 'ほぼなしです。', 'プレイ: 80': '責めてくれました。こっちが攻めても合わせてくれます。楽しかったです。姫が話を聞いてほしいオーラが凄かったので、いっぱい聞いてあげました。甘えるときは甘えて可愛かったです。', '総合: 80': '満足です。写真よりも大人っぽい雰囲気でしたが、可愛さもあり楽しかったです。', 'リピート: 返す（リピートする）': '貧乳過ぎてちょっと…。ですが、可愛かったのでまた会いたいです。'}",https://www.cityheaven.net/gifu/A2101/A210101/stylish_bach/girlid-37401180/
スタイリッシュバッハ,ソープランド,千晃（ちあき）,https://www.stylish-bach.com/top/girls/girldetail/?girl_id=38220954,21,https://m.fuzoku-tokai.com/2022/02/15/post-12501/,"{'顔: 95.0': 'パネルも写メも、ボカシ無しのtwitterも\n\n                        どれも本物とは少し違う\n\n                        エラをほんのほんの少し画像では削ってるんじゃないかな？\n\n                        乃木坂の二次選考ぐらいまでは行くと思います', 'スタイル: 80': '意外にもスレンダーではない。ポチャでも無く腹ポッコリでも無いのに、なぜか絶賛レベルには少し遠いカンジです', 'カップ: Ｄカップ': '乳首はピンク色ではないですがキレイな部類だと思います。柔らかさはあまり印象に残っていないです', 'パネル差: 50': '少し違うけどかなり可愛いのは間違いないです', 'プレイ: 80': '序盤ソファに座ってたら前に正座しての挨拶。そこから少し話し込む。いつプレイが始まるのか分からず困った。自分からオーダーしてようやく脱衣アシストが始まったが、そんなものなのかな？即ベッド時に、さぁ挿れようの段階でチンポにローション塗られてやや興ざめ。マンコも緩めなので二回目は少し苦戦しました。でもトータルでありがとうな感じです', '総合: 80': '顔は言うこと無しに近いレベルですが、高級ソープとしてはどうでしょうか？こんなカワイイ子が即のＮＮかよ！っていうのが最大のウリだと思います。', 'リピート: 返す（リピートする）': '上記の通り、顔ですね。デリにいたようなので、その頃に会いたかったです。仮に円盤でもこの店の半額近くで遊べたのではないでしょうか'}",https://www.cityheaven.net/gifu/A2101/A210101/stylish_bach/girlid-38220954/
スタイリッシュバッハ,ソープランド,美羽（みう）,https://www.stylish-bach.com/top/girls/girldetail/?girl_id=37003648,20,https://m.fuzoku-tokai.com/2022/01/30/post-12463/,"{'顔: 30.0': '素顔は老け顔だがうまく化粧してある。よく見るとけっして可愛くない。', 'スタイル: 80': '余計な肉は一切ない。細くてクビレており努力している感じ。シミも傷もなし。綺麗です。', 'カップ: Ｂカップ': '胸は小さいが乳首はピンクでホントに綺麗。しかし、腕ブロックがあるので少ししか舐めさせてくれない。この娘の唯一の長所なのに残念だ。', 'パネル差: 50': 'HPに顔が載っていないのが逆に功を奏し、うまくロリっぽい雰囲気に思わせている。', 'プレイ: 10': '口を閉ざしており舌が入らない。胸への腕ブロック、腰への足ブロックあり興ざめして発射できず。120分中100分以上話してた。気疲れした。', '総合: 50': 'プレイ内容は自分の経験上最悪だったが、とても若くて過去最高にピンクの乳首が綺麗だったので50点をつけました。未発射なので△50点。', 'リピート: 返す（リピートする）': '顔もサービスも良くないが、自分は若い娘が好きな20歳フェチなので。この娘は本物の20歳だと思うから。今度は発射してリベンジしたい。'}",https://www.cityheaven.net/gifu/A2101/A210101/stylish_bach/girlid-37003648/
スチュアーデス,ソープランド,百合,https://www.cityheaven.net/gifu/A2101/A210101/stewardess/girlid-50696333/,25,https://m.fuzoku-tokai.com/2024/10/06/post-15107/,"{'顔: 50.0': '素朴といえは素朴、でも整っていて、十分かわいい姫でした。', 'スタイル: 90': 'スレンダー体型です。運動の経験がおありとかで、背中とか結構しまっていて素敵でした。', 'カップ: Ｃカップ': 'ちょうどよい大きさで、形もとてもきれいでした。全体的にスタイルの良い姫です。', 'パネル差: 80': '体型は同じ、お顔は見られないので判別不可', 'プレイ: 80': '即尺、即プレイで、しっかりと対応してくれます。こちらの要望にも合わせてくれて、とても良かったです。', '総合: 80': '一生懸命、プレイしてくれて、とても良い時間を過ごさせてもらった。こちらの体調が万全であれば、という気持ちです。', 'リピート: 返す（リピートする）': '派手さはないが、イチャイチャも含めて、楽しい時間を過ごせる姫であるから。'}",https://www.cityheaven.net/gifu/A2101/A210101/stewardess/girlid-50696333/
スチュアーデス,ソープランド,里実（りみ）,https://www.cityheaven.net/gifu/A2101/A210101/stewardess/girlid-48566511/,28,https://m.fuzoku-tokai.com/2024/09/29/post-15103/,"{'顔: 85.0': 'ギャル系の美人ですね。\n\n                        メイクもその系統ですが元々の顔立ち綺麗だと思います。', 'スタイル: 70': 'イメージしたよりも肉付きのいい体でしたが自分的には問題ないです。肌はスベスベで触り心地よかったです。', 'カップ: Ｅカップ': 'おっぱい大きいのですが若干垂れ気味な感じでした。もう少し形がよければというところです。', 'パネル差: 0': '写真と変わらずそのままのイメージです。', 'プレイ: 85': '部屋に入るなりすぐにキスや全身舐めで責められてそのままイチャイチャしながら中に出しました。サービス精神が凄くて満足しました。', '総合: 85': '店の料金は高いですが、あの接客やサービスは満足度高いし、マンコも締まりいいのでまた中出ししたい。', 'リピート: 返す（リピートする）': '時間稼ぎすることなく時間いっぱい気持ちよくしてくれるので。'}",https://www.cityheaven.net/gifu/A2101/A210101/stewardess/girlid-48566511/
スチュアーデス,ソープランド,愛夢（まろん）,https://www.cityheaven.net/gifu/A2101/A210101/stewardess/girlid-40953772/?lo=1,28,https://m.fuzoku-tokai.com/2024/07/21/post-14953/,"{'顔: 100.0': 'ＨＰの写真よりもキリっとした感じでした。\n\n                        綺麗な顔立ちであることは間違いない。', 'スタイル: 90': '実際の身長を本人に聞いてませんが、プロフィールの161cmよりは大きく見えます。スタイルはよく、ポチャ感やおなかポッコリ感は一切感じませんでした。', 'カップ: Ｄカップ': '大きさ、形、乳首の色等、自分の理想的な胸をしています。', 'パネル差: 30': 'ＨＰや日記の写真がおっとりした感じがありますが、実物はキリッとしています。きつい感じは全くないです。', 'プレイ: 100': '２回目ということもあり、入室後は趣味の話を延々と…その後ベッドで１回戦目ですが、２回逝ける自信がなかったんで、途中中断でマットに移動し、マット騎乗位で発射！その後は再び趣味の「一族」の話を延々と…自分にとってはプレイと会話の両方を楽しんでいるので、最高の時間でした。個々のスタイルに合わせたプレイが堪能出来ると思います。基本ＮＧはないと思います。ベットの片隅にオモチャがあるので、それで楽しむのもまた良し。', '総合: 100': '直ぐに予約が埋まる嬢はいちばんの理由は「居心地の良さ」だと思うので、自分は100点未満はあり得ないですね。', 'リピート: 返す（リピートする）': '何度でもお会いして楽しい時間を過ごしたい'}",https://www.cityheaven.net/gifu/A2101/A210101/stewardess/girlid-40953772/?lo=1
スチュアーデス,ソープランド,愛実（まみ）,https://www.cityheaven.net/gifu/A2101/A210101/stewardess/girlid-46872663/,27,https://m.fuzoku-tokai.com/2023/10/21/post-14410/,"{'顔: 100.0': 'ＨＰ写真はふっくらしていて可愛らしさはあり、ある程度期待はしていましたが、エレベーターで会った瞬間に想像は全てぶっ飛びました！笑顔が素晴らしく可愛さ満点です。しばらく会話していてふと「華原ともみ」だと思いました。やはり笑顔が素敵な女の子は無敵です。\n\n                        とにかく可愛いというしか表情しようがないです。', 'スタイル: 100': 'スタイルはちょいポチャな感じですが、ＨＰ写真のイメージそのままです。触っていて心地よいです。', 'カップ: Ｆカップ': 'まさに理想的な胸をしています。大きくて形が良く柔らかくて乳首も綺麗です。特に乳首が敏感なようで、触るといい表情をします。', 'パネル差: 40': 'ＨＰ写真や日記の写真でも十分可愛いですが実物はその数倍可愛いです。', 'プレイ: 100': '大体の要望は対応してくれます。笑顔と、感じている顔が交互に来るのでそれを楽しむのもたまりません。キスはいわゆるベロチューでとても柔らかい舌なので気持ちよく、当然その舌でのフェラも絶品でした。マットはマシュマロのような柔らかいボディ全体で包み込んでくれるので是非とも体験してください。100分でベット１回マット１回の時間配分ですが、会話重視での配分なので、プレイ重視をご希望なら最初にそのように伝えれば対応してくれると思います。喘ぎは最初演技っぽく感じましたが、時間が経つにつれ演技ではなく本当に感じやすい体質だと気づき、そこでもコーフンしました。', '総合: 100': '可愛い顔で笑顔が更に可愛く、理想的なプロポーションでプレイも申し分なく、ジワジワと締め付けてくる…満足度は200点ですね。会った瞬間に頭に出た言葉が「今日は来てよかった」', 'リピート: 返す（リピートする）': '会った瞬間にリピ確定でした。本人にも「間違いなくまた来ます」とお伝えしました。'}",https://www.cityheaven.net/gifu/A2101/A210101/stewardess/girlid-46872663/
スチュアーデス,ソープランド,梨華（りか）,https://www.cityheaven.net/gifu/A2101/A210101/stewardess/girlid-30609884/,27,https://m.fuzoku-tokai.com/2023/05/28/post-13977/,"{'顔: 80.0': 'ＨＰの写真はクールで大人っぽい感じであるが、実際は可愛い子です。おでこもそんなに広くはない。', 'スタイル: 80': '本人幼児体型と言っているが、そうは感じない。胸は小さいがスタイルはいい方だと思う。', 'カップ: Ａカップ': '貧乳ですが個人的には好きです。大きな胸が好みな方には厳しいかと。', 'パネル差: 50': 'ＨＰ写真とは雰囲気が違うので、好みもあるかと思うが損している感がある。もっと可愛らしさを出した方がいいと思う。', 'プレイ: 90': 'ゴールドチェア、潜り椅子も出来るが今回はマット→ベッドをお願いし、しっかりと２回発射出来ました。喘ぎ顔が少し演技っぽい感じがしました。', '総合: 90': '可愛かった、気持ち良かった、会話も楽しかった、全てにおいて満足です。ただ即即ではないので、こだわる方は注意が必要です。', 'リピート: 返す（リピートする）': '上記の通り。'}",https://www.cityheaven.net/gifu/A2101/A210101/stewardess/girlid-30609884/
スチュアーデス,ソープランド,加恋（カレン）,https://www.cityheaven.net/gifu/A2101/A210101/stewardess/girlid-36754755/?lo=1,25,https://m.fuzoku-tokai.com/2023/05/19/post-13943/,"{'顔: 80.0': '綺麗なお姉さんです。少しふっくらした感じかな。目はもう少し切れ長をイメージしてましたが、パッチリしてました。\n\n                        癒し系の顔立ちだと思います。', 'スタイル: 80': '少し太ったらしく、ややぽちゃ感がありますが、それで更に癒し感が出ており、抱き心地は最高です。', 'カップ: Ｅカップ': '美乳です。大きさもあり、揉み心地はいいです。胸に顔をうずめていると最高にリラックス出来ます。', 'パネル差: 90': '鼻から上はほぼパネルと同じ。下半分はややふっくらした感じ。', 'プレイ: 90': '特筆すべきはフ◯ラが上手い！本人も得意と言ってました。あまりにも気持ちゃんよかったので、２回戦目は口内発射リクエストしてしまいました。中は狭く指１本が限界。締まりは良いです。ただ指入れはＮＧではないですが、優しくしないと痛いと言いますので注意が必要です。', '総合: 90': '相手に合わせて接客出来る方だと思います。特に恋人気分でイチャイチャしたり会話を楽しみたい方にはオススメ。テクニックやエロさを求める方には向いていないかもしれません。予約は取りにくいようですが、絶対一度は入って損はないです？', 'リピート: 返す（リピートする）': 'あのフ◯ラをもう一度味わいたいです。出来ればおでこシスターズと一緒に入りたい。'}",https://www.cityheaven.net/gifu/A2101/A210101/stewardess/girlid-36754755/?lo=1
ドルチェビィタ恵里亜,ソープランド,美月まいな,https://www.dolce-vita-e.com/top/girls/girldetail/?girl_id=51960716,25,https://m.fuzoku-tokai.com/2025/06/19/post-15508/,"{'顔: 90.0': '堀北真希に似ています。顔は可愛く、笑顔も多く癒されます', 'スタイル: 100': '写メ日記どおりのムチムチのスタイルです。元気な赤ちゃんを妊娠してくれそうな、いやらしい体をしてます。', 'カップ: Ｆカップ': '巨乳ですが、乳首は黄金比率です。乳首は吸い付きやすい大きさと長さでずっとベロベロチューチュー吸いたおせます', 'パネル差: 0': '目は隠してますが、写メ日記通りです', 'プレイ: 85': '一年ぶりぐらいに指名。久しぶりに日記を見ていたら相変わらずムチムチした身体をしており、孕ませたいと思い口開けを事前予約。到着し、時間より10分ほど早く案内。エレベーターでは胸元を強調したドレスを着た妊娠適齢期のまいなさんがお出迎え。エレベーターに乗り込むと同時に貪る様なディープキス。すぐに部屋の階に到着してしまいキスを解除。部屋に入り、ディープキスをしながら会話し、脱衣を始める。この子はキス好きなのでずっと口が満たされる感じ。椅子に座ったまま即尺に移り、丁寧に舐めてくれギンギンになる。攻守交代しようと椅子に座ったままパンティだけの状態にし、騎乗位スタイルで再び熱烈なディープキス。しばらく美味しい唾液を楽しんだらビンビンに立った乳首をベロベロ舐め回す。感度は良好で、ずっと吸っても飽きない最高の乳首です。そろそろクンニに移行しようとし、ベッドに移動。クンニの前に口開けならではの楽しみであるパンティの上から膣の匂いチェック。無臭であるが恥ずかしがり、興奮。辛抱たまらずパンティを剥ぎ取り、クリから膣の中までしゃぶりつく。無味のマンコですがキレイなパイパンで舐めやすい。程よく固さの取れた膣にベロチューしながら正常位で生挿入。小さな身体ながら巨根を奥まで入れても痛がらず奥はキュッと締まる。溜めてきたせいか直ぐにいきそうになる。ベロチューしながら妊娠させたい、母乳の出る身体にしてあげるなどと伝え最深部に大量射精。口周りはヨダレでベトベト、膣奥は大量の精子で完全に欲望が満たされる。その後も濃厚なキスや射精を繰り返し。中出しにしか興味がない為マットはせず。', '総合: 95': '上記の通り満足。数月経っても妊娠の報告がなく残念。ピルとか関係なく孕ませたい。', 'リピート: 返す（リピートする）': '前述のとおり'}",https://www.cityheaven.net/gifu/A2101/A210101/area/girlid-51960716/
ドルチェビィタ恵里亜,ソープランド,七瀬ひびき,https://www.dolce-vita-e.com/top/girls/girldetail/?girl_id=52668212,25,https://m.fuzoku-tokai.com/2024/11/19/post-15184/,"{'顔: 85.0': '整っているかわいいお顔です。\n\n                        美人と感じる諸先輩方もいらっしゃるかもしれません。', 'スタイル: 85': '小柄な姫です。お肌もスベスベで思わず抱きしめたくなるようなスタイルをされています。', 'カップ: Ｇカップ': '大きなお胸がとても印象的です。ハリのあるお胸をされています。当方､知識が乏しく分かり兼ねますが、入れている可能性があるのでは？と感じました。', 'パネル差: 25': 'HPではモザイクのため、お顔は判別不可です。スタイルはほぼHP通りといって差し支えないでしょう。', 'プレイ: 90': 'とてもかわいく鳴いてくれるので、こちらも盛り上がります。特に正常位でキスを求めてくるとグッときました。', '総合: 90': 'おとなしい子がエロく乱れる姿は唆るものがあります。エロく積極的な姫ではないですが、予約がなかなか取れないことにも頷けます。', 'リピート: 返す（リピートする）': 'とても満足のいく時間を過ごせたため、裏を返す'}",https://www.cityheaven.net/gifu/A2101/A210101/area/girlid-52668212/
ドルチェビィタ恵里亜,ソープランド,藍乃まりあ,https://www.dolce-vita-e.com/top/girls/girldetail/?girl_id=38262520,30,https://m.fuzoku-tokai.com/2024/07/24/post-14963/,"{'顔: 100.0': '巨乳のたぬき顔です。\n\n                        女優の松岡茉優さんに雰囲気が似ていてクラブにいそうなママっぽい雰囲気の嬢です。', 'スタイル: 80': '人によって体型の捉え方は違うのであれですが自分的にはそそられる体型です。胸とお尻のバランスがよくて見惚れてしまいます。', 'カップ: それ以上カップ': '実生活では中々出会えない大きさのおっぱいです。触らせてもらいましたがかなり重い。独自のおっぱいを使ったサービスは他の嬢では味わえない感動サービスです。病みつきになりそうです。', 'パネル差: 0': 'ほぼパネル通りです。写メ日記よりパネルの方が実物に近いです。', 'プレイ: 50': 'プレイはとにかくすごい。おっぱいを使った独自のプレイがエロくてavの世界にいるみたいな気分になりました。思い出すだけでまた会いたくなります。', '総合: 100': '顔も整っていて万人受けする美人だと思います。久しぶりのソープでしたが有意義な時間が過ごせました。話も面白くて130分ではあればよかったと後悔が残りました。入って損はない嬢かと思います。', 'リピート: 返す（リピートする）': 'スタイルと顔が好みなのでまた会いに行きたいです。'}",https://www.cityheaven.net/gifu/A2101/A210101/area/girlid-38262520/
ニュークラウン,ソープランド,まこと,https://www.cityheaven.net/shizuoka/A2203/A220303/n-crown/girlid-21423583/,30,https://m.fuzoku-tokai.com/2023/08/11/post-14209/,"{'顔: 70.0': '化粧はやや濃いので好き嫌いはあるかもしれませんが、丸顔ショートカット(伸びてくるとボブ？)で愛嬌があります。', 'スタイル: 80': '細い子が好きな人には向かないかもしれませんが、多くの男性が好む健康的な体型', 'カップ: Ｄカップ': 'ほどよく大きくて満足。偽物の可能性もかなり低く本物。', 'パネル差: 20': '写真の枚数が少なく、あまり更新はされていないので', 'プレイ: 90': '自分はアナル舐めが好きで、何度か通ううちにそれを理解してくれているので、かなり丹念にやってくれる。', '総合: 90': 'ほどよい肉付き、そしてなにより、常連になればなるほど自分の事をよく覚えていてくれ、プレイも丁寧。新規をたくさん獲得するというより、常連をがっちりキープできる人なんだと思う。', 'リピート: 返す（リピートする）': '自分の好きなプレイ、性感帯を覚えていてくれ、丹念にやってくれるので。また、会話においても自分に心を開いてくれていると感じるので。'}",https://www.cityheaven.net/shizuoka/A2203/A220303/n-crown/girlid-21423583/
ハーベストムーン,ソープランド,もも,https://www.cityheaven.net/aichi/A2301/A230101/harvestmoon_s/girlid-37269210/,25,https://m.fuzoku-tokai.com/2025/11/03/post-15753/,"{'顔: 50.0': 'かわいいし、好みのタイプです\n\n                        他の人も気にいると思います', 'スタイル: 50': 'まあまあでした個人的には好きなタイプの体型ですもう少し肉付きがよければもっと良いかもしれません他の人に取ったら少し残念かも', 'カップ: Ａ未満カップ': '良い感じの形でしたし、揉み心地も最高ですいつも触りたくなる印象です', 'パネル差: 50': '普通', 'プレイ: 50': '淡白な感じはしましたがそれもまあまあよしでした。個人的には好きです', '総合: 50': '総合的によかったです。また来たいと思わせてくれる人だと思います', 'リピート: 返す（リピートする）': 'かえす'}",https://www.cityheaven.net/aichi/A2301/A230101/harvestmoon_s/girlid-37269210/
プレシデントクラブM,ソープランド,すずらん,https://www.cityheaven.net/gifu/A2101/A210101/en/girlid-44867133/,30,https://m.fuzoku-tokai.com/2024/10/24/post-15142/,"{'顔: 90.0': 'ボカシが入ってるので分からなかったですが、かなり綺麗な顔立ちです', 'スタイル: 85': '小柄ですがスタイルはかなり良いです。胸も綺麗でくびれありです', 'カップ: Ｃカップ': 'そんなに大きい印象はないですが、とても綺麗で感度もよかったです', 'パネル差: 50': 'パネルモザイクなのでわかりません', 'プレイ: 95': '耳の方を愛撫してるとよい感じになりました。向こうからの積極的な責めでこちらも気分が高まりました。アソコの具合も相性よし', '総合: 95': '顔、スタイル、プレイを含めてもとても相性がよいと感じました。時間足りなかったかなと思うくらい', 'リピート: 返す（リピートする）': 'なかなか予約取れませんが、また行きたいですね。'}",https://www.cityheaven.net/gifu/A2101/A210101/en/girlid-44867133/
プレシデントクラブM,ソープランド,はる,https://www.cityheaven.net/gifu/A2101/A210101/en/girlid-44866959/,25,https://m.fuzoku-tokai.com/2023/03/08/post-13724/,"{'顔: 75.0': '少しポッチャリだが愛嬌がある顔\n\n                        痩せていれば綺麗だと思う。', 'スタイル: 84': '写真以上に大きいオッパイに大満足ニコニコの笑顔素敵です。ただし、お腹がだらしない。', 'カップ: Ｇカップ': '大きく形よし色よし張りもある理想のおっぱい。こんなおっぱいをまっていた。', 'パネル差: 80': '体格が良すぎませんか？お腹がしわしわ？おっぱいはその物', 'プレイ: 99': '迫力ボディーをフルに使用した洗い場は圧感でした。一回目が終わって横になっていると二回目のお誘いがありに連荘バットでしました、誘い方がエロかった。', '総合: 88': '体調が悪くフラフラだったんだけど帰る頃にはシャキッとしていました、体中が筋肉痛になるほどのプレーを受けてくれてありがとう。', 'リピート: 返す（リピートする）': 'もう少し痩せてくれればなおよい。またおっぱいを見たくなったら行きます。'}",https://www.cityheaven.net/gifu/A2101/A210101/en/girlid-44866959/
プレシデントクラブM,ソープランド,沙友莉 （さゆり）,https://www.cityheaven.net/gifu/A2101/A210101/en/girlid-24050685/,24,https://m.fuzoku-tokai.com/2020/07/26/post-11018/,"{'顔: 60.0': '以前はもっとナチュラルメイクだったが、他の姫に化粧を教えてもらったか見倣ったのだろう、目元に濃いアイラインと眉毛の書き方をシャープな感じに変えてた\n\n                        ノッペリしてた記憶からすると、かなり洗練されたいい女になった\n\n                        看板姫に似てきた気がすると言ったら、あんな風に可愛くなりたい！と答えて先輩を立てる', 'スタイル: 70': 'ちょっとお腹回りは肥えたかなガーター紐に少し肉が乗ってたが太くは感じなかったし、ムチムチ感は悪くない 肌も白くてスベスベ', 'カップ: Ｃカップ': '可愛らしい胸 ブラのタグも見せてもらったがCカップで間違いない 変な絞め跡も無かった 乳首も小さくて美乳に見える', 'パネル差: 0': '日記とほとんど変わらないが、目だけ見てるとキツく感じるかもしれないカラコンにも依るかもしれない', 'プレイ: 70': 'プレイまでの取っ掛かりが早いのは、この店では当たり前だがありがたい以前は若い女の子とイケない情事の赴きだったが、かなり経験を積んだんだろう男のツボを刺激するのが格段に上手くなってて驚いた！マットも上手に滑るし、鼠蹊部の手淫も文句はないベッドで責めて～と、ねだるのも艶がありエロくなったな！とか褒めると喜ぶ顔は可愛らしい', '総合: 80': 'ピンクやゴールドは断ったが、抜かずにプレイだけはしておけば良かったかな？と後で後悔全体的に抜きに徹するなら文句は無いでも骨抜きにしたる！みたいな仕事感が出てきて、私としては寂しかったりするダブル客や二輪所望の客も多々ついてる様子で、成長が凄いと素直に思った帰り際に私の吸ってる煙草の銘柄を覚えてたらしく土産で手渡されたのは、非常に嬉しかった', 'リピート: 返す（リピートする）': 'ローションプレイで気持ちよくなりたくなったり、お気にが来ない時に裏を返す予定'}",https://www.cityheaven.net/gifu/A2101/A210101/en/girlid-24050685/
ムーンライト,ソープランド,愛来,https://www.gifu-moonlight.com/companion/4387/,27,https://m.fuzoku-tokai.com/2025/10/13/post-15715/,"{'顔: 70.0': '悪くはない顔だが、比較的鼻が大きく全体的に比頭が大きいタイプ。不細工という感じではないが、好みは分かれそう。', 'スタイル: 80': '胸が大きいのでスタイルはよい。お腹周りも出ておらず、かなりメリハリのある身体をしている。', 'カップ: Ｆカップ': '天然でかなり大きい胸であり、おっぱい星人も納得のサイズだろう。', 'パネル差: 20': 'HPの写真は加工していないようなので、モザイク取ればこんな感じだろうと想像の範囲内。', 'プレイ: 70': '即即からベッド、マット、ベッドという感じでそつなくやってくれるが、やや事務的なところもあり、さくっと進行していく感じはある。キャリアが比較的長いようで、なんとなく私は〜みたいな話が多いため、少し気疲れする。もう少しイチャイチャ感があってもよかったと思うが、言えばやってくれたのだろうか。', '総合: 75': '胸がよいので、満足度は高い。なかなか予約が取れないのが難点。', 'リピート: 返す（リピートする）': '胸'}",https://www.cityheaven.net/gifu/A2101/A210101/moonlight/girlid-58573248/
ムーンライト,ソープランド,愛来（あいら）,https://www.gifu-moonlight.com/companion/4387/,25,https://m.fuzoku-tokai.com/2025/10/02/post-15694/,"{'顔: 80.0': 'かわいいと思います。もっとお姉さんを想像していったのですが、どちらかというとアイドル系の若い娘でした！歯並びにチェック入れましたが、歯が矯正治療中。終わったらもっとかわいくなるとワクワクします。', 'スタイル: 90': 'アイドル系と書きましたが、スタイルはボン、キュッ、ボンのナイスボティです。とても女性的な体です。スッポンポンになった後、髪を結ぶ時に脇見せおっぱい姿に興奮しました！', 'カップ: Ｆカップ': 'ふわふわ天然おっぱい最高級です！ボリューム、ハリ、形、色すべてに。他店ですが、リージェントクラブ貴公子の予約困難姫あさひさんとそっくりだな…と思いました。知ってる方はおわかりかと…。', 'パネル差: 10': '個人的にはパネルよりいいと感じました。逆パネです。何点をつければいいんだろ？矯正治療中の口元は賛否別れるかも…', 'プレイ: 80': 'ベッド→ピンクチェア(たぶん英國屋出身？)してもらった後、顔も胸も好みだったので３回目はベッド正常位で乳首舐めたり、ベロチューしながらイキタイ！と思い、マットはなしでお願いしました。次回の楽しみにしたいと思います。', '総合: 80': '顔はかわいいし、スタイルも抜群！ただ矯正中の口元は苦手な人はいるかも？ピンクチェア可能でテクニックは抜群で言うことなし。３回できれば大満足です。どちらかと言うとお仕事系の娘でホントはイチャイチャ好きなのでその点がマイナスかな？もうちょっと恋人感あるといいけど父娘ほど年齢差があるから仕方ないか？シャトールーブルで何ヵ月か前に若い娘で地雷踏んだのとは違い、この価格は安い！と大満足。', 'リピート: 返す（リピートする）': 'お仕事系であること差し引いてもまた入りたいと思える初めての姫かも？次の予約してしまいました。'}",https://www.cityheaven.net/gifu/A2101/A210101/moonlight/girlid-58573248/
ムーンライト,ソープランド,まいみ,https://www.gifu-moonlight.com/companion/1016/,25,https://m.fuzoku-tokai.com/2025/06/10/post-15491/,"{'顔: 50.0': '顔が小顔で可愛いです。唇が柔らかいのでキスが気持ちいいです。即尺も唇が柔らかいので気持ちいいです。', 'スタイル: 80': 'スタイルは男性が興奮する素晴らしいスタイルの持ち主です。また肌がスベスベで触り心地がバツグンです。', 'カップ: Ｃカップ': '胸が綺麗です。スタイルが良く非常に興奮します。胸の触り心地がバツグンです。非常に綺麗です。', 'パネル差: 80': '写真より実物の方が良いです。実物の方が良いので行く価値はあります。', 'プレイ: 100': '即尺が気持ち良くすぐに元気になった。締まりが良く最高に気持ち良かった。', '総合: 100': '顔が小顔で可愛いです。笑顔が良く最初の即尺が気持ち良くてすぐに元気になります。何回も気持ち良くしてくれる素晴らしい女性です。', 'リピート: 返す（リピートする）': '笑顔が良く最初からのおもてなしが素晴らしいのでまた指名します。'}",https://www.cityheaven.net/hokkaido/A0108/A010801/realzuma/girlid-62717101/
ムーンライト,ソープランド,板野椛,https://www.gifu-moonlight.com/companion/55/,28,https://m.fuzoku-tokai.com/2025/02/11/post-15331/,"{'顔: 50.0': 'ほんとかわいい\u3000自然なメイク\u3000幼い感じだが\u3000また会いたくなる愛嬌あり', 'スタイル: 100': '胸綺麗\u3000肌すべすべ\u3000肌触り良い\u3000すこし太めだがくびれあり', 'カップ: Ｄカップ': 'ちょうど手に収まる\u3000乳首綺麗\u3000胸の感度良好\u3000さわりって拒否なし', 'パネル差: 90': '写真より可愛い', 'プレイ: 100': '肌綺麗で優しく話してくれ\u3000非常に良い気分になる\u3000あそこ綺麗', '総合: 100': '細めが好きな人にはおすすめしませんが感度良好\u3000愛嬌あった', 'リピート: 返す（リピートする）': '会話に熱中しすぎてしまうところあるが\u3000愛嬌可愛いまた行く'}",https://www.cityheaven.net/gifu/A2101/A210101/moonlight/girlid-2722567/
ムーンライト,ソープランド,彩芽（アヤメ）,https://www.gifu-moonlight.com/companion/1015/,28,https://m.fuzoku-tokai.com/2022/06/24/post-13018/,"{'顔: 95.0': 'とても綺麗でした、写真以上です。\n\n                        華やかな顔で、パネマジはなかったです。', 'スタイル: 80': 'スレンダーです、陸上をやっていたそうです。肌もすべすべでした。', 'カップ: Ｂカップ': '胸は正直そこまで大きくはなかったですが、綺麗な胸でした。', 'パネル差: 10': 'パネルより美人です', 'プレイ: 50': '終始抜かせようと誘っていただき、3回戦までしました。騎乗位が杭打ちでよかったです。', '総合: 90': '顔やスタイルもさることながら、プレイがエロかったです。また入りたいです。', 'リピート: 返す（リピートする）': 'とにかく美人ですエロかったです。ぜひ、一度入ってもらいたいです。'}",https://www.cityheaven.net/gifu/A2101/A210101/moonlight/girlid-27126701/
ムーンライト,ソープランド,なつ,https://www.gifu-moonlight.com/companion/2744/,25,https://m.fuzoku-tokai.com/2022/03/27/post-12671/,"{'顔: 90.0': 'クラスで3番目ぐらいの美人。可愛いと綺麗が入れ替わりに感じられる。ちょっと目が金魚っぽい感じがして愛嬌あると思えば、時折見せる流し目に色っぽさがあったり、その時の気分が出やすく、愛おしくなるお顔。', 'スタイル: 70': 'None', 'カップ: Ｄカップ': '綺麗な美乳。決して大きくはないがハリがあり美しい。感度も良くて文句なし。幸せを感じる胸と言える。', 'パネル差: 0': '想像していたより良かった。この娘の目が素敵。というか目が無敵。', 'プレイ: 70': 'キスはまだまだぎこちない。だが悪くない。さぐりながらのキスは青春時代を思い出させてくれる。時間の経過とともに没頭感のある絡みになっていき、ゆっくりとしたリズムでこちらに合わせようとしてくれる。総じて悪く言えば伸び代があるが、よく言えば余白を感じ、その余白の埋め方を目で探ってくるプレーができる娘はそういない。昔の彼女とのエッチを思い出させてくれる恋人プレーにメロメロ。かなり演技が上手く、本気なんじゃないかと勘違いさせてくれて、甘酸っぱい空気感の中で没頭させてくれる。', '総合: 100': 'えふちいさんありがとう。私の好みドンピシャ。こんなにいい娘抱けるなんて。これがまた贔屓の店に来てくれるなんて。お気にのあさひさんの代わりに現れた天使。とはいえあさひさんとは全然違うタイプなんだけど、、、生きる楽しみがまたひとつ増えた。', 'リピート: 返す（リピートする）': '甘酸っぱさにメロメロ'}",https://www.cityheaven.net/gifu/A2101/A210101/moonlight/girlid-38898929/
ムーンライト,ソープランド,板野椛（いたのもみじ）,https://www.gifu-moonlight.com/companion/55/,30,https://m.fuzoku-tokai.com/2020/12/05/post-11417/,"{'顔: 85.0': '表記年齢よりかは上に見えますが可愛らしい方だと思います。', 'スタイル: 80': '背はそんなに高くはありませんがバランスの取れたスタイルの女性です。', 'カップ: Ｃカップ': 'そこまで大きくはないですがキレイな形、色をしているのでだいたいの人は好きなのではないかと思います。', 'パネル差: 20': '概ね記載されている写真と変わりないかなと思います。', 'プレイ: 85': '積極的にサービスをしてくれて、焦らしてきたりとこちらに上手く合わせて楽しませてくれました。', '総合: 90': '自分自身あまり経験はなかったので緊張していたのですがうまくこちらに合わせてくれたので楽しい時間を過ごさせて頂けたので良かったです。', 'リピート: 返す（リピートする）': '一回や二回では良さは全部は引き出せなかったと思うからです。'}",https://www.cityheaven.net/gifu/A2101/A210101/moonlight/girlid-2722567/
ムーンライト,ソープランド,彩芽,https://www.gifu-moonlight.com/companion/1015/,25,https://m.fuzoku-tokai.com/2020/08/22/post-11098/,"{'顔: 95.0': 'パネルと写メでほぼ顔出ししていますが、あのままです。非常に綺麗で美人です。\n\n                        濃い顔立ちをしているので好みが分かれますが、私にはストライクです。話始めてコロコロ変わる表情を眺めているだけでも飽きません。', 'スタイル: 85': '昔、スプリンターだったそうでそのまま陸上体型です。見ていて美しい。健康美でこう言う事を言うんだなぁって思いました。後、性器まわりの毛の処理がほんの少しだけされてませんでした。ちょいとチクチクしましたが、(気持ちよかったです。)もしかしてこの嬢にに限っては真剣に計算かもしれません。', 'カップ: Ａカップ': 'すいません。微乳にして美乳です。好みがありますが体型にはベストマッチです。この嬢の売りは胸では無いので気にしません。', 'パネル差: 0': '強いて言うのであればパネルでは大人っぽく写っていますが、実物は時折見せる表情で多少幼く見えます。', 'プレイ: 100': 'はじめて入ると言う事で、嬢もこちらのポイントを探っている様でした。ベットで70分\u3000「ちょっと休もうよ」と言っても「後少しで分かるから」と、どうしてもこちらの決定的なポイントを掴みたい様で抜かせてくれませんでした。ベットのテクニックは凄まじく、体位をあれこれ柔軟に変え刺激して来ます。気持ち良過ぎて逆に射精出来ませんでした。本当に、身体がこの快感をもっと味わってみたいと、無意識に射精しないんです。自分的には5回くらいいったくらいの満足度です。特筆する点があと3点\u3000①この嬢、キスが非常に上手いです。どんな体位でも隙さえあればDKしかも非常に濃厚なDKなのでこちらはとろけてしまいそうです。一体感がありただ出し入れしているのでは無くSEXをしていると実感できます。(これ重要です。)②感じ方が凄い(異常)です。あの綺麗で美人な顔が、(本当に感じでいるかは分かりませんが)崩れます。崩れまくります。その豹変に驚かれる方も多いはず。よだれも出します。そのままDKに持ち込まれます。(この嬢は野獣に違いない)心の中でそっと思いました。', '総合: 95': '凄い嬢を見つけたぞ、と嬉しい限り。プレイ等は上記に記載した通り、もう一つ凄いのは異常なコミュニケーション能力、相性もあると思いますが、かなり慎重な自分が短時間で心開けたのはこの嬢のポテンシャルの高さ由縁。今まで、艶Gに固執していましたが、いやいや、そうじゃないぞ、それ以外にも素晴らしい店があるのだと気付かされました。', 'リピート: 返す（リピートする）': '返さないのはおかしい。絶対返します。悔やむは様子見でいつもの自分の決まった時間\u30002時間にしましたが、堪能するには3時間は欲しいかと思いました。ただ惜しむのは、この嬢は一人一人に全力で尽くしたいため1日の本数をコントロールしている点ですかね。予約が取りにくそうです。'}",https://www.cityheaven.net/gifu/A2101/A210101/moonlight/girlid-27126701/
ラブミサイル,ソープランド,ひなの,https://www.cityheaven.net/gifu/A2101/A210101/lovemissile/girlid-42513856/?lo=1,22,https://m.fuzoku-tokai.com/2025/08/31/post-15641/,"{'顔: 90.0': '普通に可愛い顔だがパネルは別人。\n\n                        パネルよりいいかも。', 'スタイル: 80': '太すぎず細すぎずの普通体型。この嬢のイメージに合っている。', 'カップ: Ｄカップ': 'プロフにはFとあるがさほど大きいとは思わなかった。せいぜいD～Eあたり。', 'パネル差: 80': 'パネルはあてにしない方がいい。', 'プレイ: 90': '初対面でパネルと違う子が出てきて間違えたのでは？と思いつつも違ったタイプの可愛い子だったのでホッとした。部屋に入り濃厚なDKをしながらの洗体から開始。とにかくキスが好きな嬢で時間の大半はキスしていた感じ。クンニと手マンで何度も絶叫しアソコはトロトロ。合体して色んな体位を経て放出。少し休もうかなと思っていたらすかさずキス攻撃を受けて間を置かずに二回戦突入。二度目も大絶叫でイキまくる。積極的なサービスに感動した。', '総合: 90': '常時キス攻撃とその淫乱ぶりにほぼほぼ満足。もう少しおっぱいが大きかったらいう事なし。', 'リピート: 返す（リピートする）': '上記の通り。'}",https://www.cityheaven.net/gifu/A2101/A210101/lovemissile/girlid-42513856/?lo=1
ラブミサイル,ソープランド,ここ,https://www.cityheaven.net/gifu/A2101/A210101/lovemissile/girlid-14231717/,27,https://m.fuzoku-tokai.com/2023/05/28/post-13973/,"{'顔: 80.0': '可愛いと思います。色白で笑顔も多く企業の受け付けにいそうなタイプです。', 'スタイル: 80': 'クビレが素晴らしい女性らしい体型です。胸は大きくありませんが、とてもバランスの良い体です。', 'カップ: Ｃカップ': '小豆色の小さな乳首は優しく触るとすぐにコリコリになります。舐められるのが好きのようです。', 'パネル差: 10': '顔も体型もほぼ写真のままです。安心して突撃してもらって大丈夫です。', 'プレイ: 80': 'フェラは緩めのカポカポフェラであまり気持ち良くありませんが、アソコはキツキツで挿入中も常にキスをせがんで来ます。ただキスが独特で舌でブロックする感じですが、それなりにベロベロしてくれるのでボチボチ満足出来ました。', '総合: 80': '女性らしい体型とスベスベの肌や名器に加えて、性格の良さも加わり大満足でした。', 'リピート: 返す（リピートする）': '返します、もっと早く入っておけば良かったです。'}",https://www.cityheaven.net/gifu/A2101/A210101/lovemissile/girlid-14231717/
ラブミサイル,ソープランド,れん,https://www.cityheaven.net/gifu/A2101/A210101/lovemissile/girlid-15100863/,25,https://m.fuzoku-tokai.com/2022/05/21/post-12914/,"{'顔: 70.0': 'ナチュラルにカワイイです。見た目の可愛さはもちろんですが、ニコニコ笑顔で愛される可愛さもタップリです。', 'スタイル: 70': '胸やくびれがきれいな分、バランスの問題で下半身が少し太く見えてしまうように感じました。', 'カップ: Ｄカップ': 'きれいな美乳です。とてもやわらかく、いつまでも触っていたくなります。', 'パネル差: 50': 'パネルが古いんだと思いますが、パネルとは少しイメージ違う可愛さを持っているので逆パネマジです。', 'プレイ: 80': '攻め好きなのでお任せプレイでしたが、フェラがとても気持ちいいです。騎乗位の腰使いが最高でした。', '総合: 80': '見た目もかわいいし、笑顔も素敵です。雰囲気作りも上手です。体もプレイも気に入ったのでリピートしたいと思います。ただ、下半身がもう少し痩せてる最高でした。', 'リピート: 返す（リピートする）': '見た目もかわいいし、笑顔も素敵です。雰囲気作りも上手です。体もプレイも気に入ったのでリピートしたいと思います。'}",https://www.cityheaven.net/gifu/A2101/A210101/lovemissile/girlid-15100863/
ラブミサイル,ソープランド,しおり,https://www.cityheaven.net/gifu/A2101/A210101/lovemissile/girlid-10227608/?lo=1,29,https://m.fuzoku-tokai.com/2021/07/18/post-11900/,"{'顔: 80.0': '少しポッチャリですが、可愛らしい顔立ち。\n\n                        スタイルもいいと思います。', 'スタイル: 75': 'ちょいポチャですが、肌も綺麗で触り心地良かったです。', 'カップ: Ｅカップ': '胸は大きく乳首も綺麗。ふわふわな触り心地。よかったです。', 'パネル差: 55': '写真より実際は少し歳に見えます。また実際は少しポッチャリ気味かも。', 'プレイ: 75': '体洗、お風呂、フェラ、乳首舐め、本番です。一生懸命にやってくれました。満足です。', '総合: 80': '若干ポッチャリですが、かわいらしく一生懸命にやってくれる子です。指名して損はないと思います。', 'リピート: 返す（リピートする）': 'リピートします'}",https://www.cityheaven.net/gifu/A2101/A210101/lovemissile/girlid-10227608/?lo=1
リージェントクラブ貴公子,ソープランド,白雪,https://r-group.jp/regentclub/profile?lid=36,30,https://m.fuzoku-tokai.com/2025/10/09/post-15709/,"{'顔: 100.0': '顔は美人でどストライク！広瀬アリスで間違いない。一見ハーフかと思う感じです。', 'スタイル: 70': 'コロナ前はスレンダーだったのにコロナ禍で10キロ以上？増量してちょいポチャに…ポチャ好きには堪らないけど、スレンダー好きは今はやめた方がいい。自分はポチャ好きではないが、ガリよりはポチャの方が好きなんで。肌は透けるように白くスベスベ、まさに白雪姫です！', 'カップ: Ｅカップ': '胸はEくらいかと。乳首や乳輪は透けそうなくらいのピンク！キレイです。個人的には大きな乳首が好きなので、小さい乳首はちょっとなんだけど…', 'パネル差: 0': 'パネルないので…', 'プレイ: 80': 'はっきり言ってマットはあまり上手くないです。彼女とはソファーやベッドのみでマットはしません。マットしたい時は他の娘でしてます。これが減点対象。全身リップサービスからの深いフェラは絶品！美人の上目遣いのフェラに興奮して口内発射してしまったこともあります。顔面騎乗位や69、希望すれば何でもしてくれるし、騎乗位は杭打ち式、対面座位、バック、立ちバック、正常位では腰にクッションを敷くのが好みのようです。美人の顔を見ながら、ベロチューしながら果てるのが自分の好みのです。', '総合: 85': '昔は美しい女子大生という売りで、予約困難姫でしたが、体型の変化で今はけっこう空いています。見た目から私立文系だと思っていたのですが、反してトークは知的で、売りもいつの間にか難関国立大卒に変わってました！暫く通って何回目かな？大学名聞いてびっくり！理系の自分には憧れの大学…自分には入れない(笑)そしてたぶんお嬢様、そりゃスゴいや！お風呂屋さんに来ると姫と話が通じないとか噛み砕いて言わないといけないとかがストレスに感じることもあるんだけど、彼女には一切ない！こんな知的美人と楽しいトークができて、エッ○も出来るんだからいつも大満足！何回位通ってるか数えきれない(笑)', 'リピート: 返す（リピートする）': 'スタイルがポッチャリしても、顔はそのまま美人だし何せ楽しい！知的な美女が乱れまくりなんだから興奮するし。ポッチャリ好きの方ならなおのことオススメ！それにしてもこんなエリート美女がなんでお風呂屋さんにいるのか未だ不思議…'}",https://www.cityheaven.net/gifu/A2101/A210101/kikoushi/girlid-35197090/
リージェントクラブ貴公子,ソープランド,野菊,https://r-group.jp/profile?lid=78,27,https://m.fuzoku-tokai.com/2025/09/26/post-15680/,"{'顔: 85.0': '少しぽっちゃり感ありますが、十分可愛いです。\n\n                        ここの店は年齢高めの姫が多いのですが、かなり若いと感じました。', 'スタイル: 80': '巨乳あるあるのちょいぽっちゃ、またはぽっちゃりです。でも私は大好物でした。スレンダー好きは入らないほうが良いかと。', 'カップ: それ以上カップ': 'きれいな巨乳で、パイズリもお手の物。ふわふわで柔らかく、素晴らしいです。', 'パネル差: 50': '顔見せしてないですが、可愛いです。写真よりもぽっちゃりです。', 'プレイ: 90': '密着感ありのイチャイチャプレイ。ベロチューしまくりです。私が不甲斐ないので1回戦止まりですが、次は2回戦に挑戦したいと思います。手コキがかなり上手でベロチューしながらの手コキで何回もいきそうになりました。いろんな体位にも快く応じてくれ、最後は騎乗位にて放出。ベロチューが続き、その後お掃除へ。このとき、あまりの気持ち良さから最終的には潮ふかされてしまいました。', '総合: 95': '久々に当たりを金津園で引きました。最近、吉原が多かったのてす、地元で良嬢を見つけ、しばらく通おうと思っています。ルックスも私好みで、お気にとは違ったプレイができそうです。いつエロい気分になるかわからないので、その際はぜひと思っています。', 'リピート: 返す（リピートする）': '顔可愛い、巨乳、濃厚サービス、裏返さない理由がないです。'}",https://www.cityheaven.net/gifu/A2101/A210101/kikoushi/girlid-50270337/
リージェントクラブ貴公子,ソープランド,紗栄子,https://r-group.jp/regentclub/profile?lid=50,29,https://m.fuzoku-tokai.com/2025/08/13/post-15601/,"{'顔: 75.0': '少し濃いめの顔立ちで好みもありますが、美人さんで笑顔も素敵です。', 'スタイル: 80': 'メリハリのある体です。触っていて気持ちいです。おへそにもピアスあり。', 'カップ: Ｄカップ': '胸もでかくて触り心地ベストです。乳首は黒いですが個人的には気になりません。', 'パネル差: 10': '特にそのままですが、今は金髪ショート＋肌も小麦色になってます。最近パネルを新調してました。', 'プレイ: 75': 'プレイも合間の会話も楽しく、文句ないです。プレイ間の居心地の悪さは無いです。', '総合: 90': 'プレイ自体はオーソドックスですが、合間の会話や雰囲気を含め居心地が良いです。何回も返している理由は主にそこです。個人的は以前の黒髪・白肌スタイルのほうが好きですが、金髪・小麦肌になってもサービスが変化している訳ではないので、また返します。', 'リピート: 返す（リピートする）': '上記の通り。'}",https://www.cityheaven.net/gifu/A2101/A210101/kikoushi/girlid-37028915/
リージェントクラブ貴公子,ソープランド,める,https://r-group.jp/regentclub/profile?lid=91,30,https://m.fuzoku-tokai.com/2025/06/04/post-15480/,"{'顔: 80.0': '少し肉付きの良い顔ですが、坂道系の後ろにいそうな今時アイドルな顔立ちです。', 'スタイル: 80': 'ちょいぽちゃですが自分的にはちょうど良い感じです。背が小さいので遠目で見ると全体のバランスは悪いです。', 'カップ: Ｃカップ': '特段大きいわけじゃないですが、キレイな色と形でした。', 'パネル差: 80': 'ホームページの日記写真を参考にすると、おおよそ把握できると思います。', 'プレイ: 85': '風俗歴がそれなりに長いっぽいだけあって、一通りの技を持ち合わせております。皆さん満足できるかと。', '総合: 80': '顔が可愛くて、性格もよくて、プレイも安定してるので、バランスが取れております。', 'リピート: 返す（リピートする）': 'テレビなどで長濱ねるを見て萌えた時に無性に入りたくなる。'}",https://www.cityheaven.net/gifu/A2101/A210101/kikoushi/girlid-56487977/
リージェントクラブ貴公子,ソープランド,音彩（ねいろ）,https://r-group.jp/regentclub/profile?lid=33,30,https://m.fuzoku-tokai.com/2025/01/16/post-15307/,"{'顔: 70.0': 'どこにでもいる普通の感じです。決してブサイクではありません。', 'スタイル: 60': '小柄で幼児体型です。少しお腹がポッコリしていますが許容範囲だと思います。', 'カップ: Ｄカップ': '程よい大きさでハリがあります。乳首は薄茶色でキレイなオッパイだと思います。揉み応えあります。', 'パネル差: 30': '顔出しはしていませんが想像の範疇だと思いました。', 'プレイ: 90': '会った瞬間からキスの嵐です。絶え間なくキスしてる感じでした。プレイは抜き重視でとサービス精神がすごいです。', '総合: 9': '顔、スタイルは普通ですが、オッパイは揉み応えがあります。キスがすごくてキス好きにはタマランと思います。', 'リピート: 返す（リピートする）': '満足したので'}",https://www.cityheaven.net/gifu/A2101/A210101/kikoushi/girlid-35197393/
リージェントクラブ貴公子,ソープランド,音彩,https://r-group.jp/regentclub/profile?lid=33,30,https://m.fuzoku-tokai.com/2024/11/24/post-15191/,"{'顔: 60.0': '特別かわいい訳ではありませんですが、入って失敗したとは思わないと思います。', 'スタイル: 80': 'ちょっとおなかが出ておりますが気になるほどではなかったです。小柄で可愛い', 'カップ: Ｆカップ': 'おっぱいの形、感触、大きさ、とてもよかっです。これだけで入る価値があるかも。', 'パネル差: 50': 'ネットのモザイク入ったパネルの雰囲気はだいたいあってます、お姉さん系というよりどちらかというと可愛い系でした。', 'プレイ: 85': 'とにかくキスが好きみたいで、対面から帰るまでずっとしてた気がします。会話の途中途中でキスを挟んでくれます。それだけでかなり興奮しました。プレイもおっぱいを駆使して飽きさせません。', '総合: 85': 'プレイ、性格、身体に関しては文句のつけようがありません。顔がもう少し華やかだったらはまりそうでした。', 'リピート: 返す（リピートする）': 'キスをたくさんしたいとき入りたいです。'}",https://www.cityheaven.net/gifu/A2101/A210101/kikoushi/girlid-35197393/
リージェントクラブ貴公子,ソープランド,吉乃加恋,https://r-group.jp/regentclub/profile?lid=15,25,https://m.fuzoku-tokai.com/2023/11/30/post-14492/,"{'顔: 50.0': '元アイドルだったようで、可愛らしい感じです。丸顔で朗らかな印象です\n\n                        写真で口元見えますが、やや、本当にややアヒル口です', 'スタイル: 80': '鳩胸で胸が大きいのは嬉しかったです\u3000腰はしっかりとくびれて、お尻はやや大きいので、ボンキュッボンな体型でした', 'カップ: Ｆカップ': 'オッパイはカレンさんの魅力のひとつです\u3000大変に柔らかく沢山揉ませていただきましたどちらかといえば外に張り出し系のオッパイです', 'パネル差: 0': '目は隠れてますが、お顔も見える範囲でそのままです\u3000身体も肩幅が広めで胸が大きいのはそのままです\u3000唇は柔らかくキスが楽しいです', 'プレイ: 50': 'エロトークもいっぱいでベットが楽しいです。おっぱいも堪能できますし、柔らかい唇とのキスはなかなかの感触でした。匂いも感度も嗅ぎました。さらに入れている際に少しだけ潮を吹いてくれました。営業トークかもですが、潮吹きはいつもではないと言ってました。', '総合: 80': '顔も可愛く、プレイも積極的で、エロトークも楽しいです。唯一、マットの準備に（ややわざと感じましたが）時間を使った印象があり、厳しいかもですが、その分減点しました。', 'リピート: 返す（リピートする）': '全てにレベルが高いので、楽しくお会いできました。'}",https://www.cityheaven.net/gifu/A2101/A210101/kikoushi/girlid-25374159/
リージェントクラブ貴公子,ソープランド,橘真央,https://r-group.jp/regentclub/profile?lid=9,28,https://m.fuzoku-tokai.com/2021/10/03/post-12138/,"{'顔: 90.0': '目が若干細いかなというイメージですが、淫靡な感じを出してＧＯＯＤでした。プレイに対する姿勢もかなり濃厚というところからこの顔がマッチ。', 'スタイル: 80': '評価はちょいポチャとしていますが、太っているという意味ではなく、肉感的なスタイルです。アマゾネス系。', 'カップ: Ｅカップ': '胸は大きく、顔をいっぱいうずめさせていただきました。ただ胸を使ったプレイはそこまでできるほどは大きくないです。', 'パネル差: 20': 'パネマジは特にありません。ネット上の写真もあまり顔出ししてないことから。イメージもその通りでした。', 'プレイ: 90': 'エレベーターに乗ったところから、濃厚キスが始まり、部屋に入ったあとも脱衣アシストなどで少し時間は空いたものの、ベッドの上でずっとプレイしっぱなしでした。また、マットもしてもらいましたが、滑らないようにという気遣いも感じられ、プレイに没頭できました。', '総合: 50': '自分はDKが結構好きで、評判を見て入ったのですが、エレベーターから始まり、終わりまでずっとDKをし続けていたので（時間の８割はDKしてたきがします）、DK好きの人はおすすめです。また淫靡な感じを常に出しているので、元気が継続できました。', 'リピート: 返す（リピートする）': 'ボーナスの一部を使って指名する必要があったぐらいの高い金額だが、上記のプレイはぜひ再度体験したいという気持ちだったため。'}",https://www.cityheaven.net/gifu/A2101/A210101/kikoushi/girlid-8132035/?pcmode=sp
レジーナ,ソープランド,恵美,https://www.cityheaven.net/gifu/A2101/A210101/s-romane/girlid-46278440/?of=y2,25,https://m.fuzoku-tokai.com/2025/11/06/post-15761/,"{'顔: 90.0': 'ホームページの画像とは少し違いますが、かわいいです。ロリ系のかわいさです。', 'スタイル: 90': '均整のとれたスタイルです。スレンダーなんですが程よい肉付きで柔らかいです。', 'カップ: Ｅカップ': 'とても柔らかいおっぱいです。程よい大きさで乳首がピンク色でキレイです。揉み応えあります。', 'パネル差: 80': 'ホームページとはやや印象が違いますが、かわいいことに間違いないです。', 'プレイ: 50': '部屋に入ったやいなや、激しいDKに始まり、即即プレイ。椅子からベッド、あっという間の一回戦。その後ベッドで楽しいトーク。姫からのお誘いで2回戦。お清め、アナル舐めあり夢心地の空間でした。', '総合: 100': 'かわいいロリ系のお顔に大人のカラダ。優しくて癒されて、満足しない人はいないでしょう。', 'リピート: 返す（リピートする）': 'よかったので。'}",https://www.cityheaven.net/gifu/A2101/A210101/s-romane/girlid-46278440/?of=y2
ロイヤルクラブ姫,ソープランド,もも,https://www.cityheaven.net/gifu/A2101/A210101/hime/girlid-32189084/?lo=1,25,https://m.fuzoku-tokai.com/2022/07/11/post-13068/,"{'顔: 70.0': '顔は写メ日記で見たままでした。ただ写真より顔は小さく感じました。', 'スタイル: 70': 'スタイルは普通だと思います。くびれはありますが少しポッコリしてきてると言っていましたが私は気になりませんでした。', 'カップ: Ｃカップ': '胸はそんなに大きくなかったですがとても綺麗な形をしていました。揉みごこちも良かったです。', 'パネル差: 0': 'パネルとはちょっと違うかなあと思いますが写メ日記そのままです。', 'プレイ: 70': 'マットは過去一丁寧にやってくださいました。あんなにゆったりとできるなんて思わなかったので新しい発見ができて良かったです。', '総合: 80': '最初、アニメ声で不思議な子かな？と思いましたがとても癒されましたので大満足です。話も合わせていただいてとても楽しかったです。', 'リピート: 返す（リピートする）': 'とても癒されたから。'}",https://www.cityheaven.net/gifu/A2101/A210101/hime/girlid-32189084/?lo=1
ロイヤルクラブ姫,ソープランド,まなみ,https://www.cityheaven.net/gifu/A2101/A210101/hime/girlid-25858126/,21,https://m.fuzoku-tokai.com/2020/10/20/post-11232/,"{'顔: 50.0': 'ブチャイクなんだけど、普通の真顔は田舎の生真面目な学生風\n\n                        ふっと緩んだ笑顔が可愛らしい', 'スタイル: 70': '左のお尻を蚊に食われてかゆいとベソかいていた後ろから見ると肩幅があり肩甲骨から上は、スポーツマン体系適度な括れから色白のお尻までの曲線が色っぽい', 'カップ: Ｅカップ': '美乳の部類\u3000優しく胸を揉まれてスィッチが入る様子乳輪を弄って遊んでると、エロイ顔になって面白い', 'パネル差: 0': '非顔出しなのでパネマジはない', 'プレイ: 80': '椅子での前戯、愛撫と指入れで少し吹いた感じだが姫曰く、よく分からないとの事椅子でのハメやプレイは初めてで興奮したと言われたが、他の客にもしてあげなって奨めるとうん！と真っすぐな返事をするのが可愛い後背位の騎上位でゆっくり前後に動くのが相当気持ち良かった様子対面座位で発射したが、お清めで即立たせようとする献身性！マットも全力で騎上位で腰を使い、隠語を盛んに発してエロさに負けた感じで発射させられた大粒の汗を額に沢山こしらえる程、頑張ってくれたのは嬉しい', '総合: 80': 'エロに興味深々で、気持ち良い事が好きと言う正直に言うと顔がタイプでは無いのだが、フェラが上手いのと応援したくなる気持ちにさせられる優しい愛撫と、時折見せる妖艶な笑み、褒めると屈託ない笑い顔は癒しになるリップサービスばかりの姫が多い中、指名の名前を見て対面時に私だと思ったって言われるのはやはり嬉しい', 'リピート: 返す（リピートする）': 'プレイが忘れられないし、癒し力が凄いヘビースモーカーには辛いが時間短めで通うのもありかな等と思っている'}",https://www.cityheaven.net/gifu/A2101/A210101/hime/girlid-25858126/
ロマネ,ソープランド,あみな,https://www.cityheaven.net/gifu/A2101/A210101/romane/girlid-60485369/,26,https://m.fuzoku-tokai.com/2025/10/07/post-15701/,"{'顔: 100.0': 'とても綺麗で文句の付けようがない。ずっと見ていたくなる美しさ。', 'スタイル: 100': 'まさに丁度良い完璧なスタイル。EDENの方にスペ120と書いてあったので痩せ過ぎかもという不安があったが、全くそんなことはなく、程良い肉付きでくびれもしっかりあって、お尻もボリュームがありまさにパーフェクト！元々甘い物を食べる習慣がないみたいで、それがスタイルの良さに表れているのだろう。ちなみに運動はとても苦手とのこと。', 'カップ: Ｆカップ': 'プロフィール通りFカップはあると思う。綺麗なお椀型で、乳首の色も形も良い。柔らかく、程良く張りもあって最高なオッパイ。', 'パネル差: 0': '写メ日記を見てとても好みのタイプだったのでロマネに来る前からずっと注目していた。会うまでは多少修正はしているだろうなと思っていたが、実際に会ってみるとそんなことはなく、それどころか雰囲気が凄く良くて、写メ日記よりも綺麗な印象を受けた。', 'プレイ: 100': 'とてもエッチに積極的で大満足。濃厚に舌を絡めたDKを積極的にしてくれるし、乳首舐めて、とかキスして、などのリップサービスも旺盛だし、喘ぎ方も自然で雰囲気作りが非常に上手くて興奮した。こちらの要求にも快く応じてくれて申し分無し。', '総合: 100': '顔とスタイルが完璧なのに加えてサービスも申し分無く、終わった後の高揚感は凄かった。顔とスタイルはまさにトップクラス。エロさはレジーナの真里奈ちゃんに次ぐくらいのレベル。', 'リピート: 返す（リピートする）': 'NNとマットに拘らない人には超絶にお薦めできる姫。これだけ綺麗でスタイルがよくて、純粋にエッチを楽しんでいる感じを醸し出してくれると、客としてもとても楽しめるというもの。'}",https://www.cityheaven.net/gifu/A2101/A210101/romane/girlid-60485369/
ロマネ,ソープランド,かえで,https://www.cityheaven.net/gifu/A2101/A210101/romane/girlid-60728637/,28,https://m.fuzoku-tokai.com/2025/08/03/post-15581/,"{'顔: 100.0': '金津園に復帰して初日の口開けが取れたので半年ぶりくらいにあったが、相変わらずお綺麗だった。色んな女の子に合ったが、個人的には金津園のツートップの内の1人。', 'スタイル: 100': '完璧なスタイルで、金津園でもこれほどスタイルの良い女の子はなかなかいない。', 'カップ: Ｄカップ': 'CかDくらいで大きくはないですが、形の良い綺麗なオッパイです。乳首も綺麗。', 'パネル差: 0': 'ほぼ写メ日記のままをイメージして良いと思う。', 'プレイ: 70': '一応DKはしてくれるがそれほど積極的ではない。マットで1回戦して、その後ベッドで正常位、騎乗位、バックなどしつつ2回戦。', '総合: 100': 'バッハ時代から何度か合っているが、やはりイチャイチャはしてくれない。キスも少な目。癒されるという感じでもない。でも終わった後は満足して、来て良かったと思ってしまう。完全に相性の問題で、万人に受ける女の子ではないと思う。', 'リピート: 返す（リピートする）': '完全に容姿がドストライク過ぎて定期的に会いたくなる。低い色っぽい声も好み。'}",https://www.cityheaven.net/gifu/A2101/A210101/romane/girlid-60728637/
ヴィーナス,ソープランド,ユキ,https://www.soap-venus.com/top/girls/girldetail/?girl_id=41531297,23,https://m.fuzoku-tokai.com/2025/10/02/post-15690/,"{'顔: 90.0': 'あどけなさが残るかわいい顔立ち。瞳には知性があり、一度見たら忘れられないに違いない。', 'スタイル: 95': '肉付きがよいからスレンダー好きには勧めないが、不快さはまったくなく、男からすれば、理想的なスタイルの一つに違いない。', 'カップ: Ｇカップ': '張りと柔らかさを両立し、しかも美乳という国宝の如き代物である。', 'パネル差: 20': 'HPの写真より肉付きがよい。太っているという意味ではなく、情欲をそそる体つきだとおもってよい。', 'プレイ: 80': '普通のソーププレイだった。もちろん満足だけれど、彼女の真価は会話にあると思う。', '総合: 100': 'あどけない顔と豪華なスタイルが魅力的だ。性格は珠のように非の打ち所がなく、過去未来に渡り、及ぶ者はいないのではないか。スレンダー好き、性欲を持て余した人には合わないと思う。', 'リピート: 返す（リピートする）': '現実が夢想を超えた稀有な例。予約困難だが、これからも足繁く通いたい。'}",https://www.cityheaven.net/gifu/A2101/A210101/venus/girlid-41531297/
八星,ソープランド,ことり,https://www.cityheaven.net/gifu/A2101/A210101/yatubosi/girlid-50772353/?lo=1,20,https://m.fuzoku-tokai.com/2025/02/20/post-15342/,"{'顔: 75.0': 'ぽちゃっとしていますが、愛嬌のある顔です。ニコニコしているので、印象がとてもいいです。', 'スタイル: 80': '普通〜ちょいぽちゃくらいです。よくいる大学生の体格かなと思います。若いこともあり、肌がきれいで、抱き心地がよいです。', 'カップ: Ｄカップ': 'ハリがあります。天然です。少し乳輪が大きいかな？程度です。', 'パネル差: 70': 'HPでは顔出しをしていません。本指名したので、上がり部屋での写真の印象ですが、加工をめちゃしています。それが良くない方にいっており、そんなに加工しなくてもいいのに、と思ってしまいます。', 'プレイ: 50': '手コキは気持ちよかったです。マット、チェアもできます。残念ながら騎乗位は上手とはいえませんでした。', '総合: 80': 'テクニックに期待するとあまり満足を得られないかもしれませんが、若い学生がおもてなしをしながらしてほしい、と思うのであれば満足いくかなと思います。', 'リピート: 返す（リピートする）': '価格相応かなと思います。不快な思いをしているわけではないので、ありです。'}",https://www.cityheaven.net/gifu/A2101/A210101/yatubosi/girlid-50772353/?lo=1
八星,ソープランド,さくら,https://www.cityheaven.net/gifu/A2101/A210101/yatubosi/girlid-48263611/,27,https://m.fuzoku-tokai.com/2023/11/17/post-14467/,"{'顔: 50.0': 'ややぽっちゃり。ごくごく普通の顔。目がぱっちりしている。', 'スタイル: 50': 'ぽちゃっとしてます。胸とお尻が大きい。くびれはない。あしも太い', 'カップ: Ｆカップ': '胸は大きく綺麗な形をしている。乳首も綺麗です。パイずりが得意です。', 'パネル差: 50': '写メ日記は目を隠してるので美人に見えるが実際は劣る。', 'プレイ: 70': '即尺、パイずりが気持ち良かった。恋人プレイでお仕事系ではない。キス好きにはおすすめ', '総合: 80': '恋人プレイが好きな自分にはストライクでしたが、細めが好きな人にはおすすめしません。一生懸命な子なので２回３回でも頑張ってくれます。', 'リピート: 返す（リピートする）': '恋人プレイと３回頑張ってくれるので'}",https://www.cityheaven.net/gifu/A2101/A210101/yatubosi/girlid-48263611/
時計台,ソープランド,のあ,https://www.cityheaven.net/gifu/A2101/A210101/tokeidai/girlid-55120757/,30,https://m.fuzoku-tokai.com/2025/01/08/post-15275/,"{'顔: 80.0': 'THEギャルって感じです。どちらかというと白ギャル寄りな感じです。', 'スタイル: 75': 'ちょいぽちゃですが、ちょうど良い感じの肉付きで抱き心地がとてもよかったです。', 'カップ: Ｅカップ': '張りがあってとても揉み心地が良かったです。乳首が小さくてかわいい。', 'パネル差: 20': 'ほぼほぼパネルや写メの写真と変わらないかと思います。だいたいイメージ通り。', 'プレイ: 90': 'テンション高めで、こちらが指示せずとも積極的に全般的にご奉仕してくれます。', '総合: 90': '思いの外とてもよかったです。見た目、プレイ、ボディともにバランスがとれています。満足感高かったです。', 'リピート: 返す（リピートする）': 'バランスが良い'}",https://www.cityheaven.net/gifu/A2101/A210101/tokeidai/girlid-55120757/
時計台,ソープランド,あいか,https://www.cityheaven.net/gifu/A2101/A210101/tokeidai/girlid-37411552/,25,https://m.fuzoku-tokai.com/2023/07/05/post-14095/,"{'顔: 90.0': '背も高いですが、顔は大きく感じました。でもキレイ系の顔でタイプでした。', 'スタイル: 90': '背も高く、グラマラスな体型です。私にはドンピシャでした。', 'カップ: Ｇカップ': '胸は大きく、非常に形もいいです。少し離れているので、パイズリは難しいかなと思いました。', 'パネル差: 10': '写メ日記の顔と遜色ないです。', 'プレイ: 90': '時間中ずっとキスしていました。2回戦は不発でしたが、一生懸命に頑張ってくれました。', '総合: 90': 'ルックス、サービス共に高レベルです。マットもできるようですが、ずっとベットでイチャイチャしていたいです。', 'リピート: 返す（リピートする）': 'またきますと言ったら喜んでくれたので、約束を果たします。'}",https://www.cityheaven.net/gifu/A2101/A210101/tokeidai/girlid-37411552/
時計台,ソープランド,うる,https://www.cityheaven.net/gifu/A2101/A210101/tokeidai/girlid-32125094/,21,https://m.fuzoku-tokai.com/2022/10/26/post-13427/,"{'顔: 90.0': 'モデル系の綺麗めな感じの子です。\n\n                        女子アナとかに居そうな小顔の子です。\n\n                        身長が高いので凄くスタイル良く見えました。', 'スタイル: 90': '細くて肌がスベスベでした。めちゃくちゃ手足が長くて、足こきが上手いです。', 'カップ: Ａ未満カップ': '胸は全くないです。それが好きな方しか入るべきではないと思いました。', 'パネル差: 80': 'HPの写真はやる気がないです。本人はすごく綺麗なので、もったいないと感じてしまいました。', 'プレイ: 50': 'スタイルを堪能するだけです。何かしてくれることは無いけど何かNGするようなことはありませんでした。', '総合: 80': '面白かったです。なかなかいないタイプの子だと思います。様子見であと3回くらいは行こうかな、と思う感じです。仲良くなれば楽しい気がしました。', 'リピート: 返す（リピートする）': '本指名の人に優しくなるタイプの子だと思ったので。'}",https://www.cityheaven.net/gifu/A2101/A210101/tokeidai/girlid-32125094/
未分類,ソープランド,彩芽,https://www.gifu-moonlight.com/companion/1015/,30,https://m.fuzoku-tokai.com/2024/09/16/post-15061/,"{'顔: 90.0': '美人です。歯白くて、歯並びもキレイです。少し頬骨が出ているようにも見えますが、例えば街中ですれちがえば、普通に美人な女性だと思います。', 'スタイル: 50': '体形は細いです。ややおしりデカイとしましたが、嫌な意味では全くなく、男の欲望を掻き立てる、セックスしたくなる、バックで突きたくなるおしりです。肌の色は白く、スベスベです。', 'カップ: Ｃカップ': 'おっぱいは、小さめですが、プロフィールにあるとおり、乳首が綺麗なピンク色です。僕はおっぱい星人なので、大きさはもう少し大きいほうが良いですが、綺麗なので満足しています。毎回、おっぱい飲むと言って、飲ませてもらっています。', 'パネル差: 0': '日記の写メそのままです。', 'プレイ: 80': 'フレンチ・キス。乳首舐めてくれる。自分の場合は基本的に２回戦。最初は騎乗位で射精させてもらって、２回目は僕が好きで得意な体位であるバックでガンガン突いて射精します。僕のちんちんが弱いためか、彩芽ちゃんの手コキとフェラが痛く感じることがあります。', '総合: 80': '手コキ、フェラが痛い時を除けば、めちゃくちゃ満足です。', 'リピート: 返す（リピートする）': 'もう回数を忘れるぐらい入っています。彼女とのセックスは良いです。'}",https://www.cityheaven.net/gifu/A2101/A210101/moonlight/girlid-27126701/
英国屋,ソープランド,まりあ,https://www.eikokuya.net/top/girls/girldetail/?girl_id=6404392,26,https://m.fuzoku-tokai.com/2020/05/04/post-10853/,"{'顔: 60.0': 'とにかくシャクレで、アゴが目立ちます。プロフや写メ日記を見てから突撃した方なら、ああなるほどとなります。', 'スタイル: 80': 'モデル体型です。おっぱいもそこそこ大きいので、そのような体型が好みの方は自分同様喜ぶのではないでしょうか。', 'カップ: Ｆカップ': '乳輪はピンクでなかなか良いおっぱいでした。プロフ表記よりもうワンサイズ大きいような感じでしたね。', 'パネル差: 30': 'それほど残念ではなかったですが、プロフ写真はとにかくシャクレアゴを隠しています。それ以外に関してはほぼそのままのような。', 'プレイ: 90': '他の人もそうかもしれませんが、とりあえず即プレイが始まりました。温泉に泊まっていたこともあり、宿で体を清めてから出向いたので、わかっていたのかも？', '総合: 90': '即プレイとモデル体型ということで、文句無しだったのですが、さらにNSまであったので、シャクレは忘れました笑', 'リピート: 返す（リピートする）': 'あの真夜中の怪しい建物は怖いですが、嬢自体は〇ですね'}",https://www.cityheaven.net/ishikawa/A1702/A170201/eikokuya/girlid-6404392/
英國屋,ソープランド,セシル,https://www.cityheaven.net/gifu/A2101/A210101/eikokuya/girlid-46452464/,25,https://m.fuzoku-tokai.com/2025/10/13/post-15717/,"{'顔: 90.0': '若さを感じるギャル系な嬢で美人。角度によっては引退したセクシー女優の若瀬奈央に似てる。不満はありません。', 'スタイル: 90': 'ガタイが良い感じがするので迫力はあるけど女性らしいメリハリのあるスタイル', 'カップ: Ｅカップ': '面積の大きい巨乳タイプ。陥没乳首で乳輪は小さい。美乳。', 'パネル差: 10': 'ホームページに顔は出てないのでパネマジは無いです。', 'プレイ: 85': 'ひと通りのプレーはしてもらって不満はないけど、やや軽め。まぁピンクチェアしてもらったがマットしてもらうべきだったかなぁ。', '総合: 85': '金津園というか艶グループでいないような系統の美人でスタイルも良好。舐めての反応も良い。久しぶりのNSだったけど。。非常に良好だった。二回戦でも中の摩擦を感じて全く持たず（泣）', 'リピート: 返す（リピートする）': 'リピすると他の方のレポ通りの濃いプレーしてくれるのを期待。'}",https://www.cityheaven.net/gifu/A2101/A210101/eikokuya/girlid-46452464/
英國屋,ソープランド,アイリ,https://www.cityheaven.net/gifu/A2101/A210101/eikokuya/girlid-61548909/,23,https://m.fuzoku-tokai.com/2025/09/11/post-15663/,"{'顔: 100.0': 'アイドルと言われてもおかしくないくらい可愛い。また見る角度によっては綺麗にも見える。まあとにかくめちゃくちゃ可愛い。そしてニコニコしていて愛嬌もある。ハスキーボイスのギャップもまた良い。', 'スタイル: 100': '細すぎず太くもなく丁度良いスタイル。肌も綺麗でスベスベで見てよし触って良し。', 'カップ: Ｅカップ': 'プロフィール通りEカップはあると思う。お椀型の形の良い柔らかいオッパイ。乳首は綺麗と言うほどではないが濃くもない。', 'パネル差: 50': '顔は公開していないので評価なし。', 'プレイ: 80': 'イチャイチャはしてくれますが、アイリちゃんから積極的にサービスしてくれることは少ない。こちらが要望すればちゃんとやってくれる。セーラー服姿があまりに可愛いかったのでエッチな格好を色々してもらったが、恥ずかしながら頑張ってしてくれた。キスは積極的ではないがこちらからキスをすると舌を絡めた濃厚なキスをしてくれる。', '総合: 90': 'とにかく可愛くてセーラー服が良く似合っていた。そのセーラー服でエッチな格好をしてもらったり、お尻や股間に顔を埋めるだけだ息子はギンギン。DKやフェラをしてもらってから鏡の前での立ちバックは最高でした。', 'リピート: 返す（リピートする）': 'アイリちゃんからの積極的なサービスは少ないが、こちらから要望すればしっかり応じてくれるのでとても気持ちの良い楽しい時間を過ごすことが出来た。英國屋の前は大阪の大学時代にホテヘルを2年やっていただけなので、これから経験を積んでもっと積極的なサービスができるようになることを期待。'}",https://www.cityheaven.net/gifu/A2101/A210101/eikokuya/girlid-61548909/
英國屋,ソープランド,クロエ,https://www.cityheaven.net/gifu/A2101/A210101/eikokuya/girlid-43358432/?lo=1,25,https://m.fuzoku-tokai.com/2025/08/19/post-15622/,"{'顔: 85.0': '明るい感じで表情がある\n\n                        とびきりの美人とはいえないがかなり可愛いカテゴリに入る', 'スタイル: 80': 'きゅっとした感じではなく\u3000普通な体型親しみある感じではある', 'カップ: Ｂカップ': 'ちょうど良い大きさ大きいのが好きな方には物足りないかも', 'パネル差: 30': '写真より親近感がある感じ', 'プレイ: 80': '一通りのサービスが対応できるいい意味でサバサバ対応している', '総合: 75': '顔はかわいい感じで写真より幼く見えるクールな感じをイメージしていたがかなり親しみ安いタイプ', 'リピート: 返す（リピートする）': 'リラックスしてプレイできるタイプなのでくつろぎたい時には良い'}",https://www.cityheaven.net/gifu/A2101/A210101/eikokuya/girlid-43358432/?lo=1
英國屋,ソープランド,ハイビ,https://www.cityheaven.net/gifu/A2101/A210101/eikokuya/girlid-44753245/?lo=1,25,https://m.fuzoku-tokai.com/2025/07/16/post-15546/,"{'顔: 80.0': '小顔に大きな目が印象的で、見つめられるとドキッとしてしまいます。健康的な小麦色の肌がいい感じです。', 'スタイル: 80': 'やや色黒にしましたが、健康的な小麦色って感じです。スタイルはスレンダーでメリハリのある体です。', 'カップ: Ｆカップ': '乳首も含めてきれいな胸です。スレンダーな体形なので、より胸が際立って見えます。', 'パネル差: 0': 'パネルも日記も口元隠していますが、パネルイメージの延長線上で考えてもらえば大丈夫です。', 'プレイ: 80': '挨拶が終わると、脱衣アシストからソファ→ベット→チェア→マットとフルコースです。マットのあと休憩から4回戦のお誘いありましたが、こちらがダウンでした。', '総合: 80': '顔もかわいい、スタイルも最高、締まりが自分にぴったりと言う事なしです。', 'リピート: 返す（リピートする）': '安ければ連続リピートしたいくらいです。'}",https://www.cityheaven.net/gifu/A2101/A210101/eikokuya/girlid-44753245/?lo=1
英國屋,ソープランド,アリス,https://www.cityheaven.net/gifu/A2101/A210101/eikokuya/girlid-40530997/,22,https://m.fuzoku-tokai.com/2025/07/02/post-15526/,"{'顔: 80.0': '幼くロリ系な感じ。ソープにいなさそうな真面目そうな雰囲気', 'スタイル: 80': 'スレンダーで美脚。おしりは程よく大きめで太ももからおしりは撫でまわしたくなります。', 'カップ: Ｂカップ': '胸は小さめですが、乳首の感度はめちゃくちゃいい。いじめたくなります。', 'パネル差: 0': 'ロリ系でかわいい。清楚で真面目なら感じの娘にエッチないたずらできると思うめちゃ興奮しました。', 'プレイ: 100': '攻めも受けも両方できる娘で、全身舐めてもらい言葉責めしてくれました。お返しに先生に犯される生徒もしてくれました。', '総合: 100': '受け責めもできて、マットにチェアも椅子もできます。さらにイメプレもできて感度もよくべちゃべちゃに濡れてくれて大満足。', 'リピート: 返す（リピートする）': 'こんな娘はソープになかなかいない。予約が取れないのが分かります。また争奪戦に参加して会いたいです。'}",https://www.cityheaven.net/gifu/A2101/A210101/eikokuya/girlid-40530997/
英國屋,ソープランド,メノウ,https://www.cityheaven.net/gifu/A2101/A210101/eikokuya/girlid-41820359/,23,https://m.fuzoku-tokai.com/2023/10/02/post-14358/,"{'顔: 85.0': '目がとても大きくて吸い込まれそうになります。キレイな瞳で見とれてしまいます。', 'スタイル: 70': 'とてもスレンダーで華奢な体をしてます。おっぱいはちっぱいです。', 'カップ: Ｂカップ': 'ちっぱいですが、色白なのも相まってとてもセクシーです。乳首もキレイ。', 'パネル差: 10': 'ほぼほぼ写メと変わらないと思います。キャラはイメージとは全然違いました。', 'プレイ: 90': 'バレーを習っていただけあって体が柔らかく、いろんな体位を楽しめます。', '総合: 90': '可愛い、気遣い良し、色白、プレイが積極的、全て合格点です。キャラがイメージ通りお嬢様だったら最高でした。', 'リピート: 返す（リピートする）': 'かわいい'}",https://www.cityheaven.net/gifu/A2101/A210101/eikokuya/girlid-41820359/
英國屋,ソープランド,イク,https://www.cityheaven.net/gifu/A2101/A210101/eikokuya/girlid-39234659/,26,https://m.fuzoku-tokai.com/2020/07/09/post-10963/,"{'顔: 85.0': 'パネル写真より実物の方がタイプでした、本人もパネルと実物の左を自覚していて近日中に撮り直しすると言ってました。', 'スタイル: 80': '胸もほどよく大きく、きれいな体です、乳首黒いとか某掲示板に書かれてますがあれを黒いと言ったら…', 'カップ: Ｄカップ': 'お店HPにはEとありましたが、個人的にはDではないかと。', 'パネル差: 70': '今のパネルは乃木坂46の秋元真夏ですが、実物は田中みな実です', 'プレイ: 90': '出会ってすぐにエレベーターでキスからのソファーに座らせて1発、そして洗い場のイスでお互い興奮してバックで入れてここでは我慢してピンクチェアーで1発、最後はベッドで正常位で1発の計3回。洗い場でも素直にいっとけばよかったかな？w', '総合: 95': 'かわいいしエッチだし、顔も好きな顔なのでリピートしたいなと。次回は彼女も含めた二輪車か三輪車がしたい！', 'リピート: 返す（リピートする）': 'さすが英国屋で人気嬢だけのサービス、雰囲気、見た目。'}",https://www.cityheaven.net/gifu/A2101/A210101/eikokuya/girlid-39234659/
